,title,price,link
0,"Primebook 4G, 2024(NEW, Wifi+4G) Android Based MediaTek MT8788 - (PrimeOS) 4G SIM Slot, Thin and Light Laptop (11.6 Inch, 1.065 Kg, Type C) (4GB/64GB eMMC Storage, Black)  ","14,980",https://amazon.in//Primebook-4G-Android-MediaTek-MT8788/dp/B0D1Y3MVGL/ref=sr_1_53?crid=3727JAH5BQD82&dib=eyJ2IjoiMSJ9.HPq19XTaiqWfTDKytYXOT3BGCOLkOSDKXo25J7VdRRhZL4Qx1MWAGDi7Jd2YaqS85NGuX9Eo2-0jfPFRbGWj6239sau7eWgP0q9lot0Uwc6aElkKxhy7Db-08ND7YC0t4PlWJ5exiLBIJLb3uxMKlaPCJcXWlA9jtZ5GMdoB7MDW_tK0H5Ufbz9b0HdraBz_qMh0ZaSB9cIvENGzSCEuxi22TkYRCBpj5G-9gOs8RzM.JuM7l9N7_LrI4whcs8mDwcd4s6TSo9brr7w-bzuE-dM&dib_tag=se&keywords=laptop&qid=1720784368&sprefix=laptop%2Caps%2C209&sr=8-53
1,"Acer Aspire Lite 12th Gen Intel Core i3-1215U Premium Metal Laptop (Windows 11 Home/16 GB RAM/512GB SSD) AL15-52, 39.62cm (15.6"") Full HD Display, Metal Body, Steel Gray, 1.59 Kg  ","34,990",https://amazon.in//Acer-i3-1215U-Premium-Windows-AL15-52/dp/B0CM6GVR56/ref=sr_1_56?crid=3727JAH5BQD82&dib=eyJ2IjoiMSJ9.HPq19XTaiqWfTDKytYXOT3BGCOLkOSDKXo25J7VdRRhZL4Qx1MWAGDi7Jd2YaqS85NGuX9Eo2-0jfPFRbGWj6239sau7eWgP0q9lot0Uwc6aElkKxhy7Db-08ND7YC0t4PlWJ5exiLBIJLb3uxMKlaPCJcXWlA9jtZ5GMdoB7MDW_tK0H5Ufbz9b0HdraBz_qMh0ZaSB9cIvENGzSCEuxi22TkYRCBpj5G-9gOs8RzM.JuM7l9N7_LrI4whcs8mDwcd4s6TSo9brr7w-bzuE-dM&dib_tag=se&keywords=laptop&qid=1720784368&sprefix=laptop%2Caps%2C209&sr=8-56
2,"Dell 14 Laptop, Intel 13th Generation Core i5-1334U Processor, 8GB DDR5 & 512GB SSD, 14""(35.52cm) FHD+ AG 250nits, Windows 11 + MSO'21 + 15 Month Mcafee Antivirus, Titan Grey, Thin & Light- 1.55kg  ","51,990",https://amazon.in//Dell-Generation-i5-1334U-Processor-Antivirus/dp/B0D46Q1736/ref=sr_1_35?crid=3727JAH5BQD82&dib=eyJ2IjoiMSJ9.2WcZUDFm5tLAswmDhbhbf7-rSCO7kEimkakfROVrwzxlujMir2RsVIzjR3VoLxV7yWznklGNBO0mJDuDyMrA2e7ObWdStLA_cakkCjME_hXm6VAwgsNmDihm2WmhSVLUplmzo5BQ1IDtWjat2BNzm3cutcsSJNb8DU4tW2V0vRkP3dqjVvGtw8_ub0Nza6z5zMAT-m9Ex2DRf8ENj3LcXSycnuy6tfpljsS8lxzJ8jE.hDJM3VEEa7jglnpnDm06CQkwJsln_aPwzPewBy36cxA&dib_tag=se&keywords=laptop&qid=1720784363&sprefix=laptop%2Caps%2C209&sr=8-35
3,"Walker Thin & Light Laptop, 14.1 inch (4GB Ram,128GB SSD) | FHD IPS Display 1920 * 1080 Resolution | Gemini Lake N4020 | UHD Graphics 600| Mini-HDMI| Webcam | Windows 11 Home | Cloud Silver  ","12,990",https://amazon.in//Walker-Display-Resolution-Graphics-Mini-HDMI/dp/B0CGVLLWT3/ref=sr_1_7?crid=3727JAH5BQD82&dib=eyJ2IjoiMSJ9.iUhFWZy7nDKE-Z4z6TlOw1LuiOKyYlsU-aZYs4iUzp0HYBt2dp5HPoozV5JNgHma3Ldu83ul1HwJ6n5wPtDFvQeCM1rKuVP4WqoHlbSPfaWQt6BEysecc_CWuprVw3WKb5OrL5F5aEkwZwriTXceXcYVycTToMSNWgYfcp-DwNtLGIQwzToWfVeKo_SRsFUqaXGUbW2OjeIFl6ignLsBAzc7M02giBlTOm6UlmkR33I.PJs2cR-ZEROey5FSKcn6nD4F7WQZG_f4s4o_mko2fJk&dib_tag=se&keywords=laptop&qid=1720784361&sprefix=laptop%2Caps%2C209&sr=8-7
4,"Acer Aspire 5 Gaming Laptop 13th Gen Intel Core i5(16GB RAM/512GB SSD/NVIDIA RTX 2050 4GB Graphics/144Hz/Win11Home)A515-58GM 15.6"" FHD Display, Steel Gray, Backlit Keyboard, Fingerprint Reader, 1.78KG  ","59,990",https://amazon.in//sspa/click?ie=UTF8&spc=MTo0ODU2Nzk0NjM2MDc0MTkzOjE3MjA3ODQzNjE6c3Bfc2VhcmNoX3RoZW1hdGljOjMwMDE3MDE3MDE4ODAzMjo6Mjo6&url=%2FAcer-Graphics-Win11Home-A515-58GM-Fingerprint%2Fdp%2FB0D1G7B66L%2Fref%3Dsxin_12_pa_sp_search_thematic_sspa%3Fcontent-id%3Damzn1.sym.85e046b2-1010-4183-b7b7-f25119863240%253Aamzn1.sym.85e046b2-1010-4183-b7b7-f25119863240%26crid%3D3727JAH5BQD82%26cv_ct_cx%3Dlaptop%26dib%3DeyJ2IjoiMSJ9.1oCdQkIDHba2YxvqYpkgihpyKt9dxJYkv86Z2RJWVGBAuJ0k8JM5-OFh1ElVZmQLdin71ioRabez4SkoaCEFgg._hnN_gwBl8NJI2sCloq9h59TgFZz6aXpWZZmqaHwzro%26dib_tag%3Dse%26keywords%3Dlaptop%26pd_rd_i%3DB0D1G7B66L%26pd_rd_r%3Db47bd4ef-c904-40c4-ac01-bdf948afb6c8%26pd_rd_w%3DZByG3%26pd_rd_wg%3DYuGEO%26pf_rd_p%3D85e046b2-1010-4183-b7b7-f25119863240%26pf_rd_r%3D5QCCQ8N17BTX75V0XGC2%26qid%3D1720784361%26sbo%3DRZvfv%252F%252FHxDF%252BO5021pAnSA%253D%253D%26sprefix%3Dlaptop%252Caps%252C209%26sr%3D1-3-ced4eeeb-b190-41d6-902a-1ecb3fb8b7c4-spons%26sp_csd%3Dd2lkZ2V0TmFtZT1zcF9zZWFyY2hfdGhlbWF0aWM%26psc%3D1
5,"Lenovo IdeaPad 1 Intel Core Celeron N4020 14"" HD Thin and Light Laptop (4GB/256GB SDD/Windows 11 Home/1Yr ADP Free/Cloud Grey/1.3Kg), 82V6005CIN  ","20,990",https://amazon.in//Lenovo-IdeaPad-Celeron-Warranty-82V6005CIN/dp/B0C864DPY2/ref=sr_1_31?crid=3727JAH5BQD82&dib=eyJ2IjoiMSJ9.2WcZUDFm5tLAswmDhbhbf7-rSCO7kEimkakfROVrwzxlujMir2RsVIzjR3VoLxV7yWznklGNBO0mJDuDyMrA2e7ObWdStLA_cakkCjME_hXm6VAwgsNmDihm2WmhSVLUplmzo5BQ1IDtWjat2BNzm3cutcsSJNb8DU4tW2V0vRkP3dqjVvGtw8_ub0Nza6z5zMAT-m9Ex2DRf8ENj3LcXSycnuy6tfpljsS8lxzJ8jE.hDJM3VEEa7jglnpnDm06CQkwJsln_aPwzPewBy36cxA&dib_tag=se&keywords=laptop&qid=1720784363&sprefix=laptop%2Caps%2C209&sr=8-31
6,"Acer Aspire Lite 12th Gen Intel Core i3-1215U Premium Metal Laptop (Windows 11 Home/8 GB RAM/512GB SSD) AL15-52, 39.62cm (15.6"") Full HD Display, Metal Body, Steel Gray, 1.59 Kg  ","33,990",https://amazon.in//Acer-i3-1215U-Premium-Windows-AL15-52/dp/B0CKLN7PSZ/ref=sr_1_21?crid=3727JAH5BQD82&dib=eyJ2IjoiMSJ9.2WcZUDFm5tLAswmDhbhbf7-rSCO7kEimkakfROVrwzxlujMir2RsVIzjR3VoLxV7yWznklGNBO0mJDuDyMrA2e7ObWdStLA_cakkCjME_hXm6VAwgsNmDihm2WmhSVLUplmzo5BQ1IDtWjat2BNzm3cutcsSJNb8DU4tW2V0vRkP3dqjVvGtw8_ub0Nza6z5zMAT-m9Ex2DRf8ENj3LcXSycnuy6tfpljsS8lxzJ8jE.hDJM3VEEa7jglnpnDm06CQkwJsln_aPwzPewBy36cxA&dib_tag=se&keywords=laptop&qid=1720784363&sprefix=laptop%2Caps%2C209&sr=8-21
7,"Lenovo IdeaPad Slim 3 12th Gen Intel Core i3-1215U 14 Inch (35.5cm) FHD Thin & Light Laptop (8GB/512GB SSD/Windows 11/Office 2021/3months Game Pass/Arctic Grey/1.43Kg), 82RJ00FGIN  ","34,990",https://amazon.in//Lenovo-IdeaPad-i3-1215U-Windows-82RJ00FGIN/dp/B0D7ZZGWLB/ref=sr_1_40?crid=3727JAH5BQD82&dib=eyJ2IjoiMSJ9.U3SBgx7zRDIUCkTHJs3x6e9AT7wMIZ4Ka8eOfGvOCOqQCBBnmAXde_STlRAYlaANxAVw-7P_VbjgUj9coSzkA2T7aVj7w8hDOzJiJyIqot2LgUGuUSA2rbVu_zraKxhHkeIny3FlHOXtvf7fw6FkPFwQWVuiJjlBtf17GZ_4Urgupc_HjuE2aSQ3fgqw_S5H86V1VtJZOVi0Wxw9DIn_aRCfVV887wMBcfLPaV89Q-0.UBaGPRUEa6NjMO2ZEHU6uLgW2Sg4Zs4Ay_rVMfDyt8A&dib_tag=se&keywords=laptop&qid=1720784365&sprefix=laptop%2Caps%2C209&sr=8-40
8,"MSI Modern 14, Intel 12th Gen. i7-1255U, 36CM FHD 60Hz Laptop (16GB/512GB NVMe SSD/Windows 11 Home/Intel Iris Xe Graphics/Classic Black/1.4Kg), C12M-459IN  ","49,911",https://amazon.in//sspa/click?ie=UTF8&spc=MTozMjQ2NDIyODM0MDkzMTkzOjE3MjA3ODQzNjg6c3Bfc2VhcmNoX3RoZW1hdGljOjMwMDEyMDA1NTE1NjEzMjo6Mzo6&url=%2FMSI-i7-1255U-Windows-Graphics-C12M-459IN%2Fdp%2FB09YCX5F52%2Fref%3Dsxin_12_pa_sp_search_thematic_sspa%3Fcontent-id%3Damzn1.sym.fc684e65-c18a-4031-9f8d-e6a2af0c8bfb%253Aamzn1.sym.fc684e65-c18a-4031-9f8d-e6a2af0c8bfb%26crid%3D3727JAH5BQD82%26cv_ct_cx%3Dlaptop%26dib%3DeyJ2IjoiMSJ9.LCzdOUr06JNbenaIUxq0OUYV2rfA0_7lJiGW5kbhevkf5-iqRcDX44GQFtCkhL3cPCxk_AKQPtAsOEaYpDPnow.HleTgBV8QqhKEl2xvFDlz88cimXT7qH5kdeX-RZICig%26dib_tag%3Dse%26keywords%3Dlaptop%26pd_rd_i%3DB09YCX5F52%26pd_rd_r%3Da62814b0-4323-41e8-9e57-a52dd7cf7cca%26pd_rd_w%3DZyA8h%26pd_rd_wg%3DmxdJM%26pf_rd_p%3Dfc684e65-c18a-4031-9f8d-e6a2af0c8bfb%26pf_rd_r%3DP5B0C4R1YV5RWK41PCGV%26qid%3D1720784368%26sbo%3DRZvfv%252F%252FHxDF%252BO5021pAnSA%253D%253D%26sprefix%3Dlaptop%252Caps%252C209%26sr%3D1-52-2ec22325-1003-449d-8aaf-c0bcc24717ae-spons%26sp_csd%3Dd2lkZ2V0TmFtZT1zcF9zZWFyY2hfdGhlbWF0aWM%26psc%3D1
9,"ASUS TUF F15 Gaming Laptop, Intel Core i5-11400H 11th Gen, 15.6-inch (39.62 cm) FHD 144Hz,(16GB RAM/512GB SSD/4GB NVIDIA GeForce RTX 2050/Windows 11/ RGB Backlit KB/Black/2.30 kg), FX506HF-HN025W  ","57,990",https://amazon.in//sspa/click?ie=UTF8&spc=MTo1MDI5Njk2OTM2MTQ2MTkzOjE3MjA3ODQzNjU6c3BfbXRmOjMwMDExOTI5NjkzNDMzMjo6MDo6&url=%2FASUS-SmartChoice-i5-11400H-GeForce-FX506HF-HN025W%2Fdp%2FB0C27SD9YR%2Fref%3Dsr_1_44_sspa%3Fcrid%3D3727JAH5BQD82%26dib%3DeyJ2IjoiMSJ9.U3SBgx7zRDIUCkTHJs3x6e9AT7wMIZ4Ka8eOfGvOCOqQCBBnmAXde_STlRAYlaANxAVw-7P_VbjgUj9coSzkA2T7aVj7w8hDOzJiJyIqot2LgUGuUSA2rbVu_zraKxhHkeIny3FlHOXtvf7fw6FkPFwQWVuiJjlBtf17GZ_4Urgupc_HjuE2aSQ3fgqw_S5H86V1VtJZOVi0Wxw9DIn_aRCfVV887wMBcfLPaV89Q-0.UBaGPRUEa6NjMO2ZEHU6uLgW2Sg4Zs4Ay_rVMfDyt8A%26dib_tag%3Dse%26keywords%3Dlaptop%26qid%3D1720784365%26sprefix%3Dlaptop%252Caps%252C209%26sr%3D8-44-spons%26sp_csd%3Dd2lkZ2V0TmFtZT1zcF9tdGY%26psc%3D1
10,"Acer [Smartchoice] Aspire Lite AMD Ryzen 3 5300U Premium Thin and Light Laptop (Windows 11 Home/8 GB RAM/512 GB SSD) AL15-41 with 39.62 cm (15.6"") Full HD Display, Metal Body, Steel Gray, 1.6 KG  ","28,990",https://amazon.in//sspa/click?ie=UTF8&spc=MTozNzczOTg4Mzg4Njg1MTkzOjE3MjA3ODQzNjM6c3BfYXRmX25leHQ6MzAwMTkzOTA5Njk3MDMyOjowOjo&url=%2FAcer-Smartchoice-Premium-Windows-AL15-41%2Fdp%2FB0CWTSF1TK%2Fref%3Dsr_1_17_sspa%3Fcrid%3D3727JAH5BQD82%26dib%3DeyJ2IjoiMSJ9.2WcZUDFm5tLAswmDhbhbf7-rSCO7kEimkakfROVrwzxlujMir2RsVIzjR3VoLxV7yWznklGNBO0mJDuDyMrA2e7ObWdStLA_cakkCjME_hXm6VAwgsNmDihm2WmhSVLUplmzo5BQ1IDtWjat2BNzm3cutcsSJNb8DU4tW2V0vRkP3dqjVvGtw8_ub0Nza6z5zMAT-m9Ex2DRf8ENj3LcXSycnuy6tfpljsS8lxzJ8jE.hDJM3VEEa7jglnpnDm06CQkwJsln_aPwzPewBy36cxA%26dib_tag%3Dse%26keywords%3Dlaptop%26qid%3D1720784363%26sprefix%3Dlaptop%252Caps%252C209%26sr%3D8-17-spons%26sp_csd%3Dd2lkZ2V0TmFtZT1zcF9hdGZfbmV4dA%26psc%3D1
11,"Lenovo IdeaPad Pro 5 Intel Evo Core Ultra 9 185H Built-in AI 14"" (35.56cm) 2.8K-OLED 400Nits 120Hz Laptop (32GB/1TB SSD/Win11/Office 21/FHD+IR Camera/Alexa/3 Mon Game Pass/Grey/1.4Kg), 83D2001GIN  ","1,08,990",https://amazon.in//Lenovo-IdeaPad-35-56cm-2-8K-OLED-83D2001GIN/dp/B0CY2LDT1S/ref=sr_1_66?crid=3727JAH5BQD82&dib=eyJ2IjoiMSJ9.HPq19XTaiqWfTDKytYXOT3BGCOLkOSDKXo25J7VdRRhZL4Qx1MWAGDi7Jd2YaqS85NGuX9Eo2-0jfPFRbGWj6239sau7eWgP0q9lot0Uwc6aElkKxhy7Db-08ND7YC0t4PlWJ5exiLBIJLb3uxMKlaPCJcXWlA9jtZ5GMdoB7MDW_tK0H5Ufbz9b0HdraBz_qMh0ZaSB9cIvENGzSCEuxi22TkYRCBpj5G-9gOs8RzM.JuM7l9N7_LrI4whcs8mDwcd4s6TSo9brr7w-bzuE-dM&dib_tag=se&keywords=laptop&qid=1720784368&sprefix=laptop%2Caps%2C209&sr=8-66
12,"HP Pavilion x360 2-in-1 Laptop 13th Gen Intel Core i5-1335U, 14-inch (39.6 cm) FHD,Multitouch, 16GB RAM, 512GB SSD, Intel Iris X Graphics, B&O, Pen, FPR (Win 11, MSO, 1.69kg), 14-ek1074TU  ","68,990",https://amazon.in//HP-Pavilion-Laptop-Multitouch-14-ek1074TU/dp/B0CJ2KWNNQ/ref=sr_1_65?crid=3727JAH5BQD82&dib=eyJ2IjoiMSJ9.HPq19XTaiqWfTDKytYXOT3BGCOLkOSDKXo25J7VdRRhZL4Qx1MWAGDi7Jd2YaqS85NGuX9Eo2-0jfPFRbGWj6239sau7eWgP0q9lot0Uwc6aElkKxhy7Db-08ND7YC0t4PlWJ5exiLBIJLb3uxMKlaPCJcXWlA9jtZ5GMdoB7MDW_tK0H5Ufbz9b0HdraBz_qMh0ZaSB9cIvENGzSCEuxi22TkYRCBpj5G-9gOs8RzM.JuM7l9N7_LrI4whcs8mDwcd4s6TSo9brr7w-bzuE-dM&dib_tag=se&keywords=laptop&qid=1720784368&sprefix=laptop%2Caps%2C209&sr=8-65
13,"HONOR MagicBook X16 Pro 2024, 13th Gen Intel Core i5-13420H (16GB/512GB NVMe SSD, 16-inch (40.64 cm) FHD IPS Anti-Glare Thin and Light Laptop/Windows 11/Backlit Keyboard/Fingerprint/1.75Kg), Gray  ","58,990",https://amazon.in//sspa/click?ie=UTF8&spc=MTo0Mjc5NDM3MTcxNzIzMTkzOjE3MjA3ODQzNjE6c3BfYnRmOjMwMDE2NjgwOTY1MDAzMjo6MDo6&url=%2FMagicBook-i5-13420H-Anti-Glare-Keyboard-Fingerprint%2Fdp%2FB0CXLWXYB1%2Fref%3Dsr_1_22_sspa%3Fcrid%3D3727JAH5BQD82%26dib%3DeyJ2IjoiMSJ9.iUhFWZy7nDKE-Z4z6TlOw1LuiOKyYlsU-aZYs4iUzp0HYBt2dp5HPoozV5JNgHma3Ldu83ul1HwJ6n5wPtDFvQeCM1rKuVP4WqoHlbSPfaWQt6BEysecc_CWuprVw3WKb5OrL5F5aEkwZwriTXceXcYVycTToMSNWgYfcp-DwNtLGIQwzToWfVeKo_SRsFUqaXGUbW2OjeIFl6ignLsBAzc7M02giBlTOm6UlmkR33I.PJs2cR-ZEROey5FSKcn6nD4F7WQZG_f4s4o_mko2fJk%26dib_tag%3Dse%26keywords%3Dlaptop%26qid%3D1720784361%26sprefix%3Dlaptop%252Caps%252C209%26sr%3D8-22-spons%26sp_csd%3Dd2lkZ2V0TmFtZT1zcF9idGY%26psc%3D1
14,"HP Laptop 14s, 12th Gen Intel Core i3-1215U, 14-inch (35.6 cm), FHD, 8GB DDR4, 512GB SSD, Intel UHD graphics, Thin & light, Dual speakers (Win 11, MSO 2021, Silver, 1.46 kg), dy5008TU  ","36,990",https://amazon.in//HP-i3-1215U-Graphics-Speakers-dy5008TU/dp/B0BZS88YPT/ref=sr_1_45?crid=3727JAH5BQD82&dib=eyJ2IjoiMSJ9.U3SBgx7zRDIUCkTHJs3x6e9AT7wMIZ4Ka8eOfGvOCOqQCBBnmAXde_STlRAYlaANxAVw-7P_VbjgUj9coSzkA2T7aVj7w8hDOzJiJyIqot2LgUGuUSA2rbVu_zraKxhHkeIny3FlHOXtvf7fw6FkPFwQWVuiJjlBtf17GZ_4Urgupc_HjuE2aSQ3fgqw_S5H86V1VtJZOVi0Wxw9DIn_aRCfVV887wMBcfLPaV89Q-0.UBaGPRUEa6NjMO2ZEHU6uLgW2Sg4Zs4Ay_rVMfDyt8A&dib_tag=se&keywords=laptop&qid=1720784365&sprefix=laptop%2Caps%2C209&sr=8-45
15,"Dell Inspiron 3530 Thin & Light Laptop, 13th Gen Intel Core i3-1305U/8GB/512GB SSD/15.6"" (39.62cm) 120Hz Refresh Rate on a FHD IPS Display/Windows 11 + MSO'21+McAfee 15 Month/Carbon Black/1.62kg  ","39,990",https://amazon.in//Dell-Inspiron-3530-i3-1305U-Comfortview/dp/B0C4ZM63RP/ref=sr_1_41?crid=3727JAH5BQD82&dib=eyJ2IjoiMSJ9.U3SBgx7zRDIUCkTHJs3x6e9AT7wMIZ4Ka8eOfGvOCOqQCBBnmAXde_STlRAYlaANxAVw-7P_VbjgUj9coSzkA2T7aVj7w8hDOzJiJyIqot2LgUGuUSA2rbVu_zraKxhHkeIny3FlHOXtvf7fw6FkPFwQWVuiJjlBtf17GZ_4Urgupc_HjuE2aSQ3fgqw_S5H86V1VtJZOVi0Wxw9DIn_aRCfVV887wMBcfLPaV89Q-0.UBaGPRUEa6NjMO2ZEHU6uLgW2Sg4Zs4Ay_rVMfDyt8A&dib_tag=se&keywords=laptop&qid=1720784365&sprefix=laptop%2Caps%2C209&sr=8-41
16,"ASUS Vivobook 15, Intel Core i5-12500H 12th Gen, 15.6"" (39.62 cm) FHD, Thin and Light Laptop (16GB RAM/512GB/Win11/Office 2021/Silver/1.7 kg), X1502ZA-EJ542WS  ","55,990",https://amazon.in//sspa/click?ie=UTF8&spc=MTozMjQ2NDIyODM0MDkzMTkzOjE3MjA3ODQzNjg6c3Bfc2VhcmNoX3RoZW1hdGljOjMwMDExOTk5Mjg5MzYzMjo6Mjo6&url=%2FASUS-Vivobook-i5-12500H-Laptop-X1502ZA-EJ542WS%2Fdp%2FB0C5Y3JBC4%2Fref%3Dsxin_12_pa_sp_search_thematic_sspa%3Fcontent-id%3Damzn1.sym.fc684e65-c18a-4031-9f8d-e6a2af0c8bfb%253Aamzn1.sym.fc684e65-c18a-4031-9f8d-e6a2af0c8bfb%26crid%3D3727JAH5BQD82%26cv_ct_cx%3Dlaptop%26dib%3DeyJ2IjoiMSJ9.LCzdOUr06JNbenaIUxq0OUYV2rfA0_7lJiGW5kbhevkf5-iqRcDX44GQFtCkhL3cPCxk_AKQPtAsOEaYpDPnow.HleTgBV8QqhKEl2xvFDlz88cimXT7qH5kdeX-RZICig%26dib_tag%3Dse%26keywords%3Dlaptop%26pd_rd_i%3DB0C5Y3JBC4%26pd_rd_r%3Da62814b0-4323-41e8-9e57-a52dd7cf7cca%26pd_rd_w%3DZyA8h%26pd_rd_wg%3DmxdJM%26pf_rd_p%3Dfc684e65-c18a-4031-9f8d-e6a2af0c8bfb%26pf_rd_r%3DP5B0C4R1YV5RWK41PCGV%26qid%3D1720784368%26sbo%3DRZvfv%252F%252FHxDF%252BO5021pAnSA%253D%253D%26sprefix%3Dlaptop%252Caps%252C209%26sr%3D1-51-2ec22325-1003-449d-8aaf-c0bcc24717ae-spons%26sp_csd%3Dd2lkZ2V0TmFtZT1zcF9zZWFyY2hfdGhlbWF0aWM%26psc%3D1
17,"HP Laptop 15s, AMD Ryzen 5 5500U, 15.6-inch (39.6 cm), FHD, 16GB DDR4, 512GB SSD, AMD Radeon graphics, 720p HD camera, Backlit KB, Thin & Light (Win 11, MSO 2021, Silver, 1.69 kg), eq2182AU  ","42,662",https://amazon.in//HP-15-6-inches-Micro-Edge-Anti-Glare-15s-eq2182AU/dp/B0B4N77Y34/ref=sr_1_20?crid=3727JAH5BQD82&dib=eyJ2IjoiMSJ9.2WcZUDFm5tLAswmDhbhbf7-rSCO7kEimkakfROVrwzxlujMir2RsVIzjR3VoLxV7yWznklGNBO0mJDuDyMrA2e7ObWdStLA_cakkCjME_hXm6VAwgsNmDihm2WmhSVLUplmzo5BQ1IDtWjat2BNzm3cutcsSJNb8DU4tW2V0vRkP3dqjVvGtw8_ub0Nza6z5zMAT-m9Ex2DRf8ENj3LcXSycnuy6tfpljsS8lxzJ8jE.hDJM3VEEa7jglnpnDm06CQkwJsln_aPwzPewBy36cxA&dib_tag=se&keywords=laptop&qid=1720784363&sprefix=laptop%2Caps%2C209&sr=8-20
18,"ASUS Vivobook 15 OLED (2023), AMD Ryzen 5 7530U, 15.6"" (39.62 cms) FHD OLED, Thin and Light Laptop (16GB/512GB SSD/Windows 11/Office 2021/Backlit KB/Fingerprint/Silver/1.7 kg), M1505YA-LK542WS  ","55,990",https://amazon.in//ASUS-Vivobook-Windows-Fingerprint-M1505YA-LK542WS/dp/B0C1GJPZXZ/ref=sr_1_32?crid=3727JAH5BQD82&dib=eyJ2IjoiMSJ9.2WcZUDFm5tLAswmDhbhbf7-rSCO7kEimkakfROVrwzxlujMir2RsVIzjR3VoLxV7yWznklGNBO0mJDuDyMrA2e7ObWdStLA_cakkCjME_hXm6VAwgsNmDihm2WmhSVLUplmzo5BQ1IDtWjat2BNzm3cutcsSJNb8DU4tW2V0vRkP3dqjVvGtw8_ub0Nza6z5zMAT-m9Ex2DRf8ENj3LcXSycnuy6tfpljsS8lxzJ8jE.hDJM3VEEa7jglnpnDm06CQkwJsln_aPwzPewBy36cxA&dib_tag=se&keywords=laptop&qid=1720784363&sprefix=laptop%2Caps%2C209&sr=8-32
19,"Lenovo ThinkBook 15 G5 Ryzen 5 15.6"" FHD Antiglare 250 Nits Thin and Light Laptop (8GB RAM/512GB SSD/Win 11 Home/Fingerprint Reader/Backlit/Mineral grey/1 Year Onsite/1.7 kg), 21JF002PIN  ","38,990",https://amazon.in//sspa/click?ie=UTF8&spc=MTo0ODU2Nzk0NjM2MDc0MTkzOjE3MjA3ODQzNjE6c3Bfc2VhcmNoX3RoZW1hdGljOjMwMDE0Mjk3NzkzMTAzMjo6MTo6&url=%2FLenovo-ThinkBook-Antiglare-Fingerprint-21JF002PIN%2Fdp%2FB0CQRLD5BY%2Fref%3Dsxin_12_pa_sp_search_thematic_sspa%3Fcontent-id%3Damzn1.sym.85e046b2-1010-4183-b7b7-f25119863240%253Aamzn1.sym.85e046b2-1010-4183-b7b7-f25119863240%26crid%3D3727JAH5BQD82%26cv_ct_cx%3Dlaptop%26dib%3DeyJ2IjoiMSJ9.1oCdQkIDHba2YxvqYpkgihpyKt9dxJYkv86Z2RJWVGBAuJ0k8JM5-OFh1ElVZmQLdin71ioRabez4SkoaCEFgg._hnN_gwBl8NJI2sCloq9h59TgFZz6aXpWZZmqaHwzro%26dib_tag%3Dse%26keywords%3Dlaptop%26pd_rd_i%3DB0CQRLD5BY%26pd_rd_r%3Db47bd4ef-c904-40c4-ac01-bdf948afb6c8%26pd_rd_w%3DZByG3%26pd_rd_wg%3DYuGEO%26pf_rd_p%3D85e046b2-1010-4183-b7b7-f25119863240%26pf_rd_r%3D5QCCQ8N17BTX75V0XGC2%26qid%3D1720784361%26sbo%3DRZvfv%252F%252FHxDF%252BO5021pAnSA%253D%253D%26sprefix%3Dlaptop%252Caps%252C209%26sr%3D1-2-ced4eeeb-b190-41d6-902a-1ecb3fb8b7c4-spons%26sp_csd%3Dd2lkZ2V0TmFtZT1zcF9zZWFyY2hfdGhlbWF0aWM%26psc%3D1
20,"ASUS VivoBook 15 (2021) Thin and Light Laptop, Dual Core Intel Celeron N4020, 15.6-inch (39.62 cm) HD, (4GB RAM/256GB SSD/Integrated Graphics/Windows 11 Home/Transparent Silver/1.8 Kg), X515MA-BR011W  ","21,530",https://amazon.in//ASUS-15-6-inch-Integrated-Transparent-X515MA-BR011W/dp/B09SGGB687/ref=sr_1_6?crid=3727JAH5BQD82&dib=eyJ2IjoiMSJ9.iUhFWZy7nDKE-Z4z6TlOw1LuiOKyYlsU-aZYs4iUzp0HYBt2dp5HPoozV5JNgHma3Ldu83ul1HwJ6n5wPtDFvQeCM1rKuVP4WqoHlbSPfaWQt6BEysecc_CWuprVw3WKb5OrL5F5aEkwZwriTXceXcYVycTToMSNWgYfcp-DwNtLGIQwzToWfVeKo_SRsFUqaXGUbW2OjeIFl6ignLsBAzc7M02giBlTOm6UlmkR33I.PJs2cR-ZEROey5FSKcn6nD4F7WQZG_f4s4o_mko2fJk&dib_tag=se&keywords=laptop&qid=1720784361&sprefix=laptop%2Caps%2C209&sr=8-6
21,"Dell [Smartchoice 14 Thin & Light Laptop, Intel 12th Gen Core i5-1235U/8GB/512GB SSD/14.0"" (35.56cm) FHD/Intel UHD Graphics/Spill-Resistant Keyboard/Windows 11 + MSO'21/Black/15 Month McAfee, 1.48kg  ","45,490",https://amazon.in//Dell-14-Rheinland-Certified-Comfortview/dp/B0BQJ7NMVM/ref=sr_1_36?crid=3727JAH5BQD82&dib=eyJ2IjoiMSJ9.2WcZUDFm5tLAswmDhbhbf7-rSCO7kEimkakfROVrwzxlujMir2RsVIzjR3VoLxV7yWznklGNBO0mJDuDyMrA2e7ObWdStLA_cakkCjME_hXm6VAwgsNmDihm2WmhSVLUplmzo5BQ1IDtWjat2BNzm3cutcsSJNb8DU4tW2V0vRkP3dqjVvGtw8_ub0Nza6z5zMAT-m9Ex2DRf8ENj3LcXSycnuy6tfpljsS8lxzJ8jE.hDJM3VEEa7jglnpnDm06CQkwJsln_aPwzPewBy36cxA&dib_tag=se&keywords=laptop&qid=1720784363&sprefix=laptop%2Caps%2C209&sr=8-36
22,"Apple 2024 MacBook Air 15″ Laptop with M3 chip: 38.91 cm (15.3″) Liquid Retina Display, 8GB Unified Memory, 512GB SSD Storage, Backlit Keyboard, 1080p FaceTime HD Camera, Touch ID- Midnight  ","1,45,490",https://amazon.in//Apple-2024-MacBook-Laptop-chip/dp/B0CX22C1ZW/ref=sr_1_55?crid=3727JAH5BQD82&dib=eyJ2IjoiMSJ9.HPq19XTaiqWfTDKytYXOT3BGCOLkOSDKXo25J7VdRRhZL4Qx1MWAGDi7Jd2YaqS85NGuX9Eo2-0jfPFRbGWj6239sau7eWgP0q9lot0Uwc6aElkKxhy7Db-08ND7YC0t4PlWJ5exiLBIJLb3uxMKlaPCJcXWlA9jtZ5GMdoB7MDW_tK0H5Ufbz9b0HdraBz_qMh0ZaSB9cIvENGzSCEuxi22TkYRCBpj5G-9gOs8RzM.JuM7l9N7_LrI4whcs8mDwcd4s6TSo9brr7w-bzuE-dM&dib_tag=se&keywords=laptop&qid=1720784368&sprefix=laptop%2Caps%2C209&sr=8-55
23,"ASUS Vivobook 16 (2023)Thin & Light Laptop,Intel Core i9-13900H 13th Gen, 16"" (40.64 cm) FHD+(16GB RAM/512GB SSD/Intel Iris Xe/Win 11/Office 2021/Backlit KB/Fingerprint/Black/1.88 kg) X1605VA-MB947WS  ","99,990",https://amazon.in//ASUS-Vivobook-i9-13900H-Fingerprint-X1605VA-MB947WS/dp/B0CHMZRC89/ref=sr_1_52?crid=3727JAH5BQD82&dib=eyJ2IjoiMSJ9.HPq19XTaiqWfTDKytYXOT3BGCOLkOSDKXo25J7VdRRhZL4Qx1MWAGDi7Jd2YaqS85NGuX9Eo2-0jfPFRbGWj6239sau7eWgP0q9lot0Uwc6aElkKxhy7Db-08ND7YC0t4PlWJ5exiLBIJLb3uxMKlaPCJcXWlA9jtZ5GMdoB7MDW_tK0H5Ufbz9b0HdraBz_qMh0ZaSB9cIvENGzSCEuxi22TkYRCBpj5G-9gOs8RzM.JuM7l9N7_LrI4whcs8mDwcd4s6TSo9brr7w-bzuE-dM&dib_tag=se&keywords=laptop&qid=1720784368&sprefix=laptop%2Caps%2C209&sr=8-52
24,"ASUS Vivobook 15, Intel Celeron N4020, 15.6"" (39.62 cms) HD, Thin and Light Laptop (8GB/512GB SSD/Integrated Graphics/Windows 11/Office 2021/Silver/1.8 kg), X515MA-BR022WS  ","27,990",https://amazon.in//ASUS-SmartChoice-Integrated-Fingerprint-X515MA-BR024WS/dp/B0C1GM4C6V/ref=sr_1_22?crid=3727JAH5BQD82&dib=eyJ2IjoiMSJ9.2WcZUDFm5tLAswmDhbhbf7-rSCO7kEimkakfROVrwzxlujMir2RsVIzjR3VoLxV7yWznklGNBO0mJDuDyMrA2e7ObWdStLA_cakkCjME_hXm6VAwgsNmDihm2WmhSVLUplmzo5BQ1IDtWjat2BNzm3cutcsSJNb8DU4tW2V0vRkP3dqjVvGtw8_ub0Nza6z5zMAT-m9Ex2DRf8ENj3LcXSycnuy6tfpljsS8lxzJ8jE.hDJM3VEEa7jglnpnDm06CQkwJsln_aPwzPewBy36cxA&dib_tag=se&keywords=laptop&qid=1720784363&sprefix=laptop%2Caps%2C209&sr=8-22
25,"Lenovo IdeaPad Slim 5 12th Gen Intel Core i5 12450H 14"" (36cm) WUXGA IPS 300Nits Thin and Light Laptop (16GB/1TB SSD/Win 11/Office 21/BacklitKB/FHD Camera/Alexa/3 Mon Game Pass/Grey/1.46Kg),83BF0043IN  ","63,345",https://amazon.in//sspa/click?ie=UTF8&spc=MTozOTAyMjQ1OTI0NDgxOTM6MTcyMDc4NDM2NTpzcF9zZWFyY2hfdGhlbWF0aWM6MzAwMTAzNDk4NTg2MDMyOjoxOjo&url=%2FLenovo-IdeaPad-300Nits-BacklitKB-83BF0043IN%2Fdp%2FB0CNK1VTZW%2Fref%3Dsxin_12_pa_sp_search_thematic_sspa%3Fcontent-id%3Damzn1.sym.fc684e65-c18a-4031-9f8d-e6a2af0c8bfb%253Aamzn1.sym.fc684e65-c18a-4031-9f8d-e6a2af0c8bfb%26crid%3D3727JAH5BQD82%26cv_ct_cx%3Dlaptop%26dib%3DeyJ2IjoiMSJ9.tVAq9CtKROUqzzzmVL4eW1Oe0gn4JOvdf5XgzE1BR2KAE2veFLMxBzL3F9DCHpuj8NCU8U8LSqe7l3627W1rWQ.IIz7iqQIlrJrVkFYaWoa14Dz-6kHF4Hhou6zlRe8AJk%26dib_tag%3Dse%26keywords%3Dlaptop%26pd_rd_i%3DB0CNK1VTZW%26pd_rd_r%3D02b2f990-eb8a-4c46-a2c4-8b167c336132%26pd_rd_w%3DzbEjy%26pd_rd_wg%3D07YPR%26pf_rd_p%3Dfc684e65-c18a-4031-9f8d-e6a2af0c8bfb%26pf_rd_r%3D6AGYCCRHNGC84RBCGCSN%26qid%3D1720784365%26sbo%3DRZvfv%252F%252FHxDF%252BO5021pAnSA%253D%253D%26sprefix%3Dlaptop%252Caps%252C209%26sr%3D1-34-2ec22325-1003-449d-8aaf-c0bcc24717ae-spons%26sp_csd%3Dd2lkZ2V0TmFtZT1zcF9zZWFyY2hfdGhlbWF0aWM%26psc%3D1
26,"ASUS Vivobook Go 14 (2023), AMD Ryzen 3 7320U, 14-inch (35.56 cm) FHD, Thin & Light Laptop (8GB/1TB SSD/Windows 11/Cool Silver/1.38 kg), E1404FA-NK331W  ","33,990",https://amazon.in//ASUS-Vivobook-14-inch-Windows-E1404FA-NK331W/dp/B0CX1WKP4F/ref=sr_1_50?crid=3727JAH5BQD82&dib=eyJ2IjoiMSJ9.U3SBgx7zRDIUCkTHJs3x6e9AT7wMIZ4Ka8eOfGvOCOqQCBBnmAXde_STlRAYlaANxAVw-7P_VbjgUj9coSzkA2T7aVj7w8hDOzJiJyIqot2LgUGuUSA2rbVu_zraKxhHkeIny3FlHOXtvf7fw6FkPFwQWVuiJjlBtf17GZ_4Urgupc_HjuE2aSQ3fgqw_S5H86V1VtJZOVi0Wxw9DIn_aRCfVV887wMBcfLPaV89Q-0.UBaGPRUEa6NjMO2ZEHU6uLgW2Sg4Zs4Ay_rVMfDyt8A&dib_tag=se&keywords=laptop&qid=1720784365&sprefix=laptop%2Caps%2C209&sr=8-50
27,"Apple 2024 MacBook Air 15″ Laptop with M3 chip: 38.91 cm (15.3″) Liquid Retina Display, 16GB Unified Memory, 512GB SSD Storage, Backlit Keyboard, 1080p FaceTime HD Camera, Touch ID- Starlight  ","1,66,990",https://amazon.in//Apple-2024-MacBook-Laptop-chip/dp/B0CX22LYY9/ref=sr_1_62?crid=3727JAH5BQD82&dib=eyJ2IjoiMSJ9.HPq19XTaiqWfTDKytYXOT3BGCOLkOSDKXo25J7VdRRhZL4Qx1MWAGDi7Jd2YaqS85NGuX9Eo2-0jfPFRbGWj6239sau7eWgP0q9lot0Uwc6aElkKxhy7Db-08ND7YC0t4PlWJ5exiLBIJLb3uxMKlaPCJcXWlA9jtZ5GMdoB7MDW_tK0H5Ufbz9b0HdraBz_qMh0ZaSB9cIvENGzSCEuxi22TkYRCBpj5G-9gOs8RzM.JuM7l9N7_LrI4whcs8mDwcd4s6TSo9brr7w-bzuE-dM&dib_tag=se&keywords=laptop&qid=1720784368&sprefix=laptop%2Caps%2C209&sr=8-62
28,"HP Laptop 15s, 12th Gen Intel Core i3, 15.6-inch (39.6 cm), 8GB DDR4, 512GB SSD, Thin & light, Dual speakers (Win 11, MSO 2021, Silver, 1.69 kg), fq5007TU / FQ5327TU  ","37,060",https://amazon.in//HP-i3-1215U-15-6-inch-Graphics-Speakers/dp/B0BP2M7CCS/ref=sr_1_17?crid=3727JAH5BQD82&dib=eyJ2IjoiMSJ9.iUhFWZy7nDKE-Z4z6TlOw1LuiOKyYlsU-aZYs4iUzp0HYBt2dp5HPoozV5JNgHma3Ldu83ul1HwJ6n5wPtDFvQeCM1rKuVP4WqoHlbSPfaWQt6BEysecc_CWuprVw3WKb5OrL5F5aEkwZwriTXceXcYVycTToMSNWgYfcp-DwNtLGIQwzToWfVeKo_SRsFUqaXGUbW2OjeIFl6ignLsBAzc7M02giBlTOm6UlmkR33I.PJs2cR-ZEROey5FSKcn6nD4F7WQZG_f4s4o_mko2fJk&dib_tag=se&keywords=laptop&qid=1720784361&sprefix=laptop%2Caps%2C209&sr=8-17
29,"ASUS Vivobook 16 (2023), Intel Core i9-13900H 13th Gen, 16"" (40.64 cm) FHD+, Thin & Light Laptop (16GB/512GB SSD/Intel Iris Xe/Win 11/Office 2021/Backlit KB/Fingerprint/Silver/1.88 kg) X1605VA-MB946WS  ","94,990",https://amazon.in//ASUS-Vivobook-i9-13900H-Fingerprint-X1605VA-MB946WS/dp/B0CHMYJ9BK/ref=sr_1_68?crid=3727JAH5BQD82&dib=eyJ2IjoiMSJ9.HPq19XTaiqWfTDKytYXOT3BGCOLkOSDKXo25J7VdRRhZL4Qx1MWAGDi7Jd2YaqS85NGuX9Eo2-0jfPFRbGWj6239sau7eWgP0q9lot0Uwc6aElkKxhy7Db-08ND7YC0t4PlWJ5exiLBIJLb3uxMKlaPCJcXWlA9jtZ5GMdoB7MDW_tK0H5Ufbz9b0HdraBz_qMh0ZaSB9cIvENGzSCEuxi22TkYRCBpj5G-9gOs8RzM.JuM7l9N7_LrI4whcs8mDwcd4s6TSo9brr7w-bzuE-dM&dib_tag=se&keywords=laptop&qid=1720784368&sprefix=laptop%2Caps%2C209&sr=8-68
30,"HP [Windows 11 Home] 255 G8 Notebook, 15.6'' HD Display, AMD Athlon 3020e Processor, 8GB Memory, 256GB SSD, Wi-Fi, Bluetooth, Type-C Port, RJ-45 Port, Black  ","23,890",https://amazon.in//HP-255-G8-Processor-Bluetooth/dp/B0B6LCJ3FD/ref=sr_1_51?crid=3727JAH5BQD82&dib=eyJ2IjoiMSJ9.HPq19XTaiqWfTDKytYXOT3BGCOLkOSDKXo25J7VdRRhZL4Qx1MWAGDi7Jd2YaqS85NGuX9Eo2-0jfPFRbGWj6239sau7eWgP0q9lot0Uwc6aElkKxhy7Db-08ND7YC0t4PlWJ5exiLBIJLb3uxMKlaPCJcXWlA9jtZ5GMdoB7MDW_tK0H5Ufbz9b0HdraBz_qMh0ZaSB9cIvENGzSCEuxi22TkYRCBpj5G-9gOs8RzM.JuM7l9N7_LrI4whcs8mDwcd4s6TSo9brr7w-bzuE-dM&dib_tag=se&keywords=laptop&qid=1720784368&sprefix=laptop%2Caps%2C209&sr=8-51
31,"MSI Modern 15, Intel 12th Gen. i3-1215U, 40CM FHD 60Hz Laptop (8GB/512GB NVMe SSD/Windows 11 Home/Intel UHD Graphics/Classic Black/1.7Kg), B12M-613IN  ","32,990",https://amazon.in//MSI-i3-1215U-Windows-Graphics-B12M-613IN/dp/B0C9JF29FC/ref=sr_1_58?crid=3727JAH5BQD82&dib=eyJ2IjoiMSJ9.HPq19XTaiqWfTDKytYXOT3BGCOLkOSDKXo25J7VdRRhZL4Qx1MWAGDi7Jd2YaqS85NGuX9Eo2-0jfPFRbGWj6239sau7eWgP0q9lot0Uwc6aElkKxhy7Db-08ND7YC0t4PlWJ5exiLBIJLb3uxMKlaPCJcXWlA9jtZ5GMdoB7MDW_tK0H5Ufbz9b0HdraBz_qMh0ZaSB9cIvENGzSCEuxi22TkYRCBpj5G-9gOs8RzM.JuM7l9N7_LrI4whcs8mDwcd4s6TSo9brr7w-bzuE-dM&dib_tag=se&keywords=laptop&qid=1720784368&sprefix=laptop%2Caps%2C209&sr=8-58
32,"HP Laptop 15s, AMD Ryzen 7 5700U, 15.6-inch (39.6 cm), FHD, 16GB DDR4, 512GB SSD, AMD Radeon graphics, Backlit KB, Thin & light, Dual speakers (Win 11, MSO 2021, Silver, 1.69 kg), ey2001AU  ","45,990",https://amazon.in//HP-15-6-inch-Graphics-Speakers-ey2001AU/dp/B0C9DDN2JB/ref=sr_1_35?crid=3727JAH5BQD82&dib=eyJ2IjoiMSJ9.U3SBgx7zRDIUCkTHJs3x6e9AT7wMIZ4Ka8eOfGvOCOqQCBBnmAXde_STlRAYlaANxAVw-7P_VbjgUj9coSzkA2T7aVj7w8hDOzJiJyIqot2LgUGuUSA2rbVu_zraKxhHkeIny3FlHOXtvf7fw6FkPFwQWVuiJjlBtf17GZ_4Urgupc_HjuE2aSQ3fgqw_S5H86V1VtJZOVi0Wxw9DIn_aRCfVV887wMBcfLPaV89Q-0.UBaGPRUEa6NjMO2ZEHU6uLgW2Sg4Zs4Ay_rVMfDyt8A&dib_tag=se&keywords=laptop&qid=1720784365&sprefix=laptop%2Caps%2C209&sr=8-35
33,"Acer Aspire Lite AMD Ryzen 5 5500U Premium Thin and Light Laptop (16 GB RAM/512 GB SSD/Windows 11 Home) AL15-41, 39.62 cm (15.6"") Full HD Display, Metal Body, Steel Gray, 1.59 KG  ","36,990",https://amazon.in//Acer-Premium-Windows-AL15-41-Display/dp/B0CB7S1RTX/ref=sr_1_13?crid=3727JAH5BQD82&dib=eyJ2IjoiMSJ9.iUhFWZy7nDKE-Z4z6TlOw1LuiOKyYlsU-aZYs4iUzp0HYBt2dp5HPoozV5JNgHma3Ldu83ul1HwJ6n5wPtDFvQeCM1rKuVP4WqoHlbSPfaWQt6BEysecc_CWuprVw3WKb5OrL5F5aEkwZwriTXceXcYVycTToMSNWgYfcp-DwNtLGIQwzToWfVeKo_SRsFUqaXGUbW2OjeIFl6ignLsBAzc7M02giBlTOm6UlmkR33I.PJs2cR-ZEROey5FSKcn6nD4F7WQZG_f4s4o_mko2fJk&dib_tag=se&keywords=laptop&qid=1720784361&sprefix=laptop%2Caps%2C209&sr=8-13
34,"Acer Aspire Lite AMD Ryzen 5 5500U Premium Thin and Light Laptop (16 GB RAM/512 GB SSD/Windows 11 Home) AL15-41, 39.62 cm (15.6"") Full HD Display, Metal Body, Steel Gray, 1.59 KG  ","36,990",https://amazon.in//sspa/click?ie=UTF8&spc=MTo0Mjc5NDM3MTcxNzIzMTkzOjE3MjA3ODQzNjE6c3BfYXRmOjMwMDE1OTk3NTUzMDgzMjo6MDo6&url=%2FAcer-Premium-Windows-AL15-41-Display%2Fdp%2FB0CB7S1RTX%2Fref%3Dsr_1_2_sspa%3Fcrid%3D3727JAH5BQD82%26dib%3DeyJ2IjoiMSJ9.iUhFWZy7nDKE-Z4z6TlOw1LuiOKyYlsU-aZYs4iUzp0HYBt2dp5HPoozV5JNgHma3Ldu83ul1HwJ6n5wPtDFvQeCM1rKuVP4WqoHlbSPfaWQt6BEysecc_CWuprVw3WKb5OrL5F5aEkwZwriTXceXcYVycTToMSNWgYfcp-DwNtLGIQwzToWfVeKo_SRsFUqaXGUbW2OjeIFl6ignLsBAzc7M02giBlTOm6UlmkR33I.PJs2cR-ZEROey5FSKcn6nD4F7WQZG_f4s4o_mko2fJk%26dib_tag%3Dse%26keywords%3Dlaptop%26qid%3D1720784361%26sprefix%3Dlaptop%252Caps%252C209%26sr%3D8-2-spons%26sp_csd%3Dd2lkZ2V0TmFtZT1zcF9hdGY%26psc%3D1
35,"HP Victus Gaming Laptop, AMD Ryzen 5 5600H, 4GB RTX 3050 GPU, 15.6-inch (39.6 cm), FHD, IPS, 144Hz, 16GB DDR4, 512GB SSD, Backlit KB, B&O, 9ms response time, Dual speakers (Blue, 2.37 kg), fb0106AX  ","60,990",https://amazon.in//HP-GeForce-Graphics-Response-15-fb0106AX/dp/B0BWS9YNCX/ref=sr_1_25?crid=3727JAH5BQD82&dib=eyJ2IjoiMSJ9.2WcZUDFm5tLAswmDhbhbf7-rSCO7kEimkakfROVrwzxlujMir2RsVIzjR3VoLxV7yWznklGNBO0mJDuDyMrA2e7ObWdStLA_cakkCjME_hXm6VAwgsNmDihm2WmhSVLUplmzo5BQ1IDtWjat2BNzm3cutcsSJNb8DU4tW2V0vRkP3dqjVvGtw8_ub0Nza6z5zMAT-m9Ex2DRf8ENj3LcXSycnuy6tfpljsS8lxzJ8jE.hDJM3VEEa7jglnpnDm06CQkwJsln_aPwzPewBy36cxA&dib_tag=se&keywords=laptop&qid=1720784363&sprefix=laptop%2Caps%2C209&sr=8-25
36,"HP Laptop 14, 13th Gen Intel Core i3-1315U, 14-inch (35.6 cm), FHD, 8GB DDR4, 512GB SSD, Intel UHD Graphics, FHD Camera w/Privacy Shutter, Thin & Light (Win 11, MSO 2021, Blue, 1.4 kg), gr0000TU  ","40,970",https://amazon.in//HP-i3-1315U-14-inch-Graphics-gr0000TU/dp/B0C9DL7THT/ref=sr_1_26?crid=3727JAH5BQD82&dib=eyJ2IjoiMSJ9.2WcZUDFm5tLAswmDhbhbf7-rSCO7kEimkakfROVrwzxlujMir2RsVIzjR3VoLxV7yWznklGNBO0mJDuDyMrA2e7ObWdStLA_cakkCjME_hXm6VAwgsNmDihm2WmhSVLUplmzo5BQ1IDtWjat2BNzm3cutcsSJNb8DU4tW2V0vRkP3dqjVvGtw8_ub0Nza6z5zMAT-m9Ex2DRf8ENj3LcXSycnuy6tfpljsS8lxzJ8jE.hDJM3VEEa7jglnpnDm06CQkwJsln_aPwzPewBy36cxA&dib_tag=se&keywords=laptop&qid=1720784363&sprefix=laptop%2Caps%2C209&sr=8-26
37,"Dell 15 Thin & Light Laptop, Intel Core i5-1235U Processor/16GB DDR4/512GB SSD/Intel UHD Graphics/15.6"" (39.62cm) FHD Display/Windows 11 + MSO'21/15 Month McAfee/Carbon Black/Spill-Resistant KB/1.69kg  ","51,490",https://amazon.in//sspa/click?ie=UTF8&spc=MTo0Mjc5NDM3MTcxNzIzMTkzOjE3MjA3ODQzNjE6c3BfYXRmOjMwMDEyMTI3NDg1MzYzMjo6MDo6&url=%2FDell-Vostro-Metal-i5-1235U-35-56Cms%2Fdp%2FB0BQJ7WR2R%2Fref%3Dsr_1_1_sspa%3Fcrid%3D3727JAH5BQD82%26dib%3DeyJ2IjoiMSJ9.iUhFWZy7nDKE-Z4z6TlOw1LuiOKyYlsU-aZYs4iUzp0HYBt2dp5HPoozV5JNgHma3Ldu83ul1HwJ6n5wPtDFvQeCM1rKuVP4WqoHlbSPfaWQt6BEysecc_CWuprVw3WKb5OrL5F5aEkwZwriTXceXcYVycTToMSNWgYfcp-DwNtLGIQwzToWfVeKo_SRsFUqaXGUbW2OjeIFl6ignLsBAzc7M02giBlTOm6UlmkR33I.PJs2cR-ZEROey5FSKcn6nD4F7WQZG_f4s4o_mko2fJk%26dib_tag%3Dse%26keywords%3Dlaptop%26qid%3D1720784361%26sprefix%3Dlaptop%252Caps%252C209%26sr%3D8-1-spons%26sp_csd%3Dd2lkZ2V0TmFtZT1zcF9hdGY%26psc%3D1
38,"Apple 2023 MacBook Pro (16-inch, M3 Max chip with 14‑core CPU and 30‑core GPU, 36GB Unified Memory, 1TB) - Space Black  ","3,34,990",https://amazon.in//sspa/click?ie=UTF8&spc=MTo0Mjc5NDM3MTcxNzIzMTkzOjE3MjA3ODQzNjE6c3BfbXRmOjMwMDA4NTQwMzIxOTUzMjo6MDo6&url=%2FApple-MacBook-16-inch-14%25E2%2580%2591core-30%25E2%2580%2591core%2Fdp%2FB0CM5S7HF6%2Fref%3Dsr_1_12_sspa%3Fcrid%3D3727JAH5BQD82%26dib%3DeyJ2IjoiMSJ9.iUhFWZy7nDKE-Z4z6TlOw1LuiOKyYlsU-aZYs4iUzp0HYBt2dp5HPoozV5JNgHma3Ldu83ul1HwJ6n5wPtDFvQeCM1rKuVP4WqoHlbSPfaWQt6BEysecc_CWuprVw3WKb5OrL5F5aEkwZwriTXceXcYVycTToMSNWgYfcp-DwNtLGIQwzToWfVeKo_SRsFUqaXGUbW2OjeIFl6ignLsBAzc7M02giBlTOm6UlmkR33I.PJs2cR-ZEROey5FSKcn6nD4F7WQZG_f4s4o_mko2fJk%26dib_tag%3Dse%26keywords%3Dlaptop%26qid%3D1720784361%26sprefix%3Dlaptop%252Caps%252C209%26sr%3D8-12-spons%26sp_csd%3Dd2lkZ2V0TmFtZT1zcF9tdGY%26psc%3D1
39,"HP Laptop 15, 12th Gen i3-1215U, 15.6-inch (39.6 cm), FHD, Anti-Glare, 8GB DDR4, 512GB SSD, Intel UHD Graphics, Dual Speakers, (Win 11, MSO 2021, Silver, 1.69 kg), 15s-fy5006TU  ","36,349",https://amazon.in//HP-i3-1215U-15-6-inch-Anti-Glare-15s-fy5006TU/dp/B0CJBL2QWY/ref=sr_1_36?crid=3727JAH5BQD82&dib=eyJ2IjoiMSJ9.U3SBgx7zRDIUCkTHJs3x6e9AT7wMIZ4Ka8eOfGvOCOqQCBBnmAXde_STlRAYlaANxAVw-7P_VbjgUj9coSzkA2T7aVj7w8hDOzJiJyIqot2LgUGuUSA2rbVu_zraKxhHkeIny3FlHOXtvf7fw6FkPFwQWVuiJjlBtf17GZ_4Urgupc_HjuE2aSQ3fgqw_S5H86V1VtJZOVi0Wxw9DIn_aRCfVV887wMBcfLPaV89Q-0.UBaGPRUEa6NjMO2ZEHU6uLgW2Sg4Zs4Ay_rVMfDyt8A&dib_tag=se&keywords=laptop&qid=1720784365&sprefix=laptop%2Caps%2C209&sr=8-36
40,"HP Pavilion 14, 12th Gen Intel Core i5-1235U, 14-inch (35.6 cm), FHD, 16GB DDR4, 512GB SSD, Intel Iris Xe graphics, FPR, 720p HD camera, Backlit KB (Win 11, MSO 2021, Silver, 1.41 kg), dv2014TU  ","63,990",https://amazon.in//HP-Pavilion-Micro-Edge-Graphics-14-dv2014TU/dp/B0B1M9HYBT/ref=sr_1_57?crid=3727JAH5BQD82&dib=eyJ2IjoiMSJ9.HPq19XTaiqWfTDKytYXOT3BGCOLkOSDKXo25J7VdRRhZL4Qx1MWAGDi7Jd2YaqS85NGuX9Eo2-0jfPFRbGWj6239sau7eWgP0q9lot0Uwc6aElkKxhy7Db-08ND7YC0t4PlWJ5exiLBIJLb3uxMKlaPCJcXWlA9jtZ5GMdoB7MDW_tK0H5Ufbz9b0HdraBz_qMh0ZaSB9cIvENGzSCEuxi22TkYRCBpj5G-9gOs8RzM.JuM7l9N7_LrI4whcs8mDwcd4s6TSo9brr7w-bzuE-dM&dib_tag=se&keywords=laptop&qid=1720784368&sprefix=laptop%2Caps%2C209&sr=8-57
41,"Apple 2023 MacBook Pro (14-inch, M3 Pro chip with 12‑core CPU and 18‑core GPU, 18GB Unified Memory, 1TB) - Space Black  ","2,25,690",https://amazon.in//sspa/click?ie=UTF8&spc=MTo1NDUyNzUxOTY3MjYxOTM6MTcyMDc4NDM2ODpzcF9hdGZfbmV4dDozMDAwODU0MDMyMTk4MzI6OjA6Og&url=%2FApple-MacBook-14-inch-12%25E2%2580%2591core-18%25E2%2580%2591core%2Fdp%2FB0CM5R2QXS%2Fref%3Dsr_1_50_sspa%3Fcrid%3D3727JAH5BQD82%26dib%3DeyJ2IjoiMSJ9.HPq19XTaiqWfTDKytYXOT3BGCOLkOSDKXo25J7VdRRhZL4Qx1MWAGDi7Jd2YaqS85NGuX9Eo2-0jfPFRbGWj6239sau7eWgP0q9lot0Uwc6aElkKxhy7Db-08ND7YC0t4PlWJ5exiLBIJLb3uxMKlaPCJcXWlA9jtZ5GMdoB7MDW_tK0H5Ufbz9b0HdraBz_qMh0ZaSB9cIvENGzSCEuxi22TkYRCBpj5G-9gOs8RzM.JuM7l9N7_LrI4whcs8mDwcd4s6TSo9brr7w-bzuE-dM%26dib_tag%3Dse%26keywords%3Dlaptop%26qid%3D1720784368%26sprefix%3Dlaptop%252Caps%252C209%26sr%3D8-50-spons%26sp_csd%3Dd2lkZ2V0TmFtZT1zcF9hdGZfbmV4dA%26psc%3D1
42,"HP Victus Gaming Laptop, 12th Gen Intel Core i5-12450H,4GB RTX 2050 GPU,15.6-inch(39.6 cm),FHD,IPS,144Hz,16GB DDR4,512GB SSD,Backlit KB,MSO,B&O,9ms response time(Blue, 2.29 kg),fa1373TX/fa1227TX  ","58,447",https://amazon.in//HP-i5-12450H-15-6-inch-response-fa1373TX/dp/B0D2DDJ6PJ/ref=sr_1_67?crid=3727JAH5BQD82&dib=eyJ2IjoiMSJ9.HPq19XTaiqWfTDKytYXOT3BGCOLkOSDKXo25J7VdRRhZL4Qx1MWAGDi7Jd2YaqS85NGuX9Eo2-0jfPFRbGWj6239sau7eWgP0q9lot0Uwc6aElkKxhy7Db-08ND7YC0t4PlWJ5exiLBIJLb3uxMKlaPCJcXWlA9jtZ5GMdoB7MDW_tK0H5Ufbz9b0HdraBz_qMh0ZaSB9cIvENGzSCEuxi22TkYRCBpj5G-9gOs8RzM.JuM7l9N7_LrI4whcs8mDwcd4s6TSo9brr7w-bzuE-dM&dib_tag=se&keywords=laptop&qid=1720784368&sprefix=laptop%2Caps%2C209&sr=8-67
43,"Primebook S Wifi, 2024(NEW) Android Based MediaTek MT8183 - (PrimeOS) Thin and Light Laptop (11.6 Inch, 1.065 Kg, Type C) (4GB/128GB eMMC Storage)  ","13,980",https://amazon.in//Primebook-Android-Based-MediaTek-MT8183/dp/B0D2Y4KLGN/ref=sr_1_16?crid=3727JAH5BQD82&dib=eyJ2IjoiMSJ9.iUhFWZy7nDKE-Z4z6TlOw1LuiOKyYlsU-aZYs4iUzp0HYBt2dp5HPoozV5JNgHma3Ldu83ul1HwJ6n5wPtDFvQeCM1rKuVP4WqoHlbSPfaWQt6BEysecc_CWuprVw3WKb5OrL5F5aEkwZwriTXceXcYVycTToMSNWgYfcp-DwNtLGIQwzToWfVeKo_SRsFUqaXGUbW2OjeIFl6ignLsBAzc7M02giBlTOm6UlmkR33I.PJs2cR-ZEROey5FSKcn6nD4F7WQZG_f4s4o_mko2fJk&dib_tag=se&keywords=laptop&qid=1720784361&sprefix=laptop%2Caps%2C209&sr=8-16
44,"HP Laptop 15s, AMD Ryzen 5 5500U, 15.6-inch (39.6 cm), FHD, 8GB DDR4, 512GB SSD, AMD Radeon graphics, Thin & light, Dual speakers (Win 11, MSO 2019, Silver, 1.69 kg), eq2144AU  ","38,025",https://amazon.in//HP-15-6-inch-graphics-speakers-eq2144AU/dp/B09RZRF1PJ/ref=sr_1_51?crid=3727JAH5BQD82&dib=eyJ2IjoiMSJ9.U3SBgx7zRDIUCkTHJs3x6e9AT7wMIZ4Ka8eOfGvOCOqQCBBnmAXde_STlRAYlaANxAVw-7P_VbjgUj9coSzkA2T7aVj7w8hDOzJiJyIqot2LgUGuUSA2rbVu_zraKxhHkeIny3FlHOXtvf7fw6FkPFwQWVuiJjlBtf17GZ_4Urgupc_HjuE2aSQ3fgqw_S5H86V1VtJZOVi0Wxw9DIn_aRCfVV887wMBcfLPaV89Q-0.UBaGPRUEa6NjMO2ZEHU6uLgW2Sg4Zs4Ay_rVMfDyt8A&dib_tag=se&keywords=laptop&qid=1720784365&sprefix=laptop%2Caps%2C209&sr=8-51
45,"ZEBRONICS PRO Series Z NBC 4S, Intel Core 12th Gen i5 Processor 8GB RAM & 512GB SSD Laptop, 15.6 Inch (39.6CM), IPS 180° Display, Dolby Atmos, 38.5Wh Large Battery, Windows 11, Midnight Blue, 1.76 Kg  ","30,990",https://amazon.in//ZEBRONICS-Intel-Core-1235U-Laptop/dp/B0CJ5H8GD1/ref=sr_1_61?crid=3727JAH5BQD82&dib=eyJ2IjoiMSJ9.HPq19XTaiqWfTDKytYXOT3BGCOLkOSDKXo25J7VdRRhZL4Qx1MWAGDi7Jd2YaqS85NGuX9Eo2-0jfPFRbGWj6239sau7eWgP0q9lot0Uwc6aElkKxhy7Db-08ND7YC0t4PlWJ5exiLBIJLb3uxMKlaPCJcXWlA9jtZ5GMdoB7MDW_tK0H5Ufbz9b0HdraBz_qMh0ZaSB9cIvENGzSCEuxi22TkYRCBpj5G-9gOs8RzM.JuM7l9N7_LrI4whcs8mDwcd4s6TSo9brr7w-bzuE-dM&dib_tag=se&keywords=laptop&qid=1720784368&sprefix=laptop%2Caps%2C209&sr=8-61
46,"[Smart Choice] Lenovo IdeaPad Gaming 3 Laptop AMD Ryzen 5 5500H 15.6"" (39.62cm) FHD IPS 300nits 144Hz (8GB/512GB SSD/Win 11/NVIDIA RTX 2050 4GB/Alexa/3 Month Game Pass/Shadow Black/2.32Kg), 82K20289IN  ","45,990",https://amazon.in//sspa/click?ie=UTF8&spc=MTozOTAyMjQ1OTI0NDgxOTM6MTcyMDc4NDM2NTpzcF9zZWFyY2hfdGhlbWF0aWM6MzAwMTAzMjA2MjE3NTMyOjoyOjo&url=%2FLenovo-IdeaPad-39-62cm-300nits-82K20289IN%2Fdp%2FB0CL5L59Z9%2Fref%3Dsxin_12_pa_sp_search_thematic_sspa%3Fcontent-id%3Damzn1.sym.fc684e65-c18a-4031-9f8d-e6a2af0c8bfb%253Aamzn1.sym.fc684e65-c18a-4031-9f8d-e6a2af0c8bfb%26crid%3D3727JAH5BQD82%26cv_ct_cx%3Dlaptop%26dib%3DeyJ2IjoiMSJ9.tVAq9CtKROUqzzzmVL4eW1Oe0gn4JOvdf5XgzE1BR2KAE2veFLMxBzL3F9DCHpuj8NCU8U8LSqe7l3627W1rWQ.IIz7iqQIlrJrVkFYaWoa14Dz-6kHF4Hhou6zlRe8AJk%26dib_tag%3Dse%26keywords%3Dlaptop%26pd_rd_i%3DB0CL5L59Z9%26pd_rd_r%3D02b2f990-eb8a-4c46-a2c4-8b167c336132%26pd_rd_w%3DzbEjy%26pd_rd_wg%3D07YPR%26pf_rd_p%3Dfc684e65-c18a-4031-9f8d-e6a2af0c8bfb%26pf_rd_r%3D6AGYCCRHNGC84RBCGCSN%26qid%3D1720784365%26sbo%3DRZvfv%252F%252FHxDF%252BO5021pAnSA%253D%253D%26sprefix%3Dlaptop%252Caps%252C209%26sr%3D1-35-2ec22325-1003-449d-8aaf-c0bcc24717ae-spons%26sp_csd%3Dd2lkZ2V0TmFtZT1zcF9zZWFyY2hfdGhlbWF0aWM%26psc%3D1
47,"Lenovo IdeaPad 1 AMD Ryzen 5 5500U 15.6"" (39.62cm) FHD Thin & Light Laptop (8GB/512GB SSD/Windows 11/Office 2021/HD Camera/1 Year ADP Free/Grey/1.6Kg), 82R400BGIN  ","35,990",https://amazon.in//sspa/click?ie=UTF8&spc=MTo4MTkxMjQ3MzU1NzY3MTkzOjE3MjA3ODQzNjM6c3Bfc2VhcmNoX3RoZW1hdGljOjIwMTEwNjk2ODA2Njk4Ojo0Ojo&url=%2FLenovo-IdeaPad-39-62cm-Windows-82R400BGIN%2Fdp%2FB09MM58Y7Q%2Fref%3Dsxin_12_pa_sp_search_thematic_sspa%3Fcontent-id%3Damzn1.sym.fc684e65-c18a-4031-9f8d-e6a2af0c8bfb%253Aamzn1.sym.fc684e65-c18a-4031-9f8d-e6a2af0c8bfb%26crid%3D3727JAH5BQD82%26cv_ct_cx%3Dlaptop%26dib%3DeyJ2IjoiMSJ9.ScqWG1aXA6y5O0pUrHFmBo2H-oPTYKaLb3L0vsffblSUk0MOLZGB721DOf1xqLKAlL7_tD3Pk1qr_YoTG2dADA.wUT8PHkjot2JFIaAfg8PSXUg1ILqFHFIfLbdyl3yL_o%26dib_tag%3Dse%26keywords%3Dlaptop%26pd_rd_i%3DB09MM58Y7Q%26pd_rd_r%3D0b9372ed-5632-460d-8494-717ad5c826de%26pd_rd_w%3D9eued%26pd_rd_wg%3DCPZ2M%26pf_rd_p%3Dfc684e65-c18a-4031-9f8d-e6a2af0c8bfb%26pf_rd_r%3DQMZ1W1EQSW72P8BH191N%26qid%3D1720784363%26sbo%3DRZvfv%252F%252FHxDF%252BO5021pAnSA%253D%253D%26sprefix%3Dlaptop%252Caps%252C209%26sr%3D1-21-2ec22325-1003-449d-8aaf-c0bcc24717ae-spons%26sp_csd%3Dd2lkZ2V0TmFtZT1zcF9zZWFyY2hfdGhlbWF0aWM%26psc%3D1
48,"HP Laptop 15s, AMD Ryzen 3 5300U, 15.6-inch (39.6 cm), FHD, 8GB DDR4, 512GB SSD, AMD Radeon graphics, Thin & light, Dual speakers (Win 11, MSO 2021, Silver, 1.69 kg), eq2212AU  ","31,950",https://amazon.in//HP-Anti-Glare-Graphics-15s-eq2212AU/dp/B0BQN2HV46/ref=sr_1_15?crid=3727JAH5BQD82&dib=eyJ2IjoiMSJ9.iUhFWZy7nDKE-Z4z6TlOw1LuiOKyYlsU-aZYs4iUzp0HYBt2dp5HPoozV5JNgHma3Ldu83ul1HwJ6n5wPtDFvQeCM1rKuVP4WqoHlbSPfaWQt6BEysecc_CWuprVw3WKb5OrL5F5aEkwZwriTXceXcYVycTToMSNWgYfcp-DwNtLGIQwzToWfVeKo_SRsFUqaXGUbW2OjeIFl6ignLsBAzc7M02giBlTOm6UlmkR33I.PJs2cR-ZEROey5FSKcn6nD4F7WQZG_f4s4o_mko2fJk&dib_tag=se&keywords=laptop&qid=1720784361&sprefix=laptop%2Caps%2C209&sr=8-15
49,"Acer ALG 12th Gen Intel Core i5 Gaming Laptop (16GB RAM/512GB SSD/4GB RTX 2050 Graphics/60Hz/Win11Home/Wifi 6) AL15G-52, 39.62cm (15.6 inch) FHD Display, Premium Metal Body, Steel Gray, 1.99KG  ","57,990",https://amazon.in//sspa/click?ie=UTF8&spc=MTo1NDUyNzUxOTY3MjYxOTM6MTcyMDc4NDM2ODpzcF9idGY6MzAwMjUxMDc4NDM2NzMyOjowOjo&url=%2FAcer-Graphics-Win11Home-AL15G-52-39-62cm%2Fdp%2FB0D32SKB4C%2Fref%3Dsr_1_70_sspa%3Fcrid%3D3727JAH5BQD82%26dib%3DeyJ2IjoiMSJ9.HPq19XTaiqWfTDKytYXOT3BGCOLkOSDKXo25J7VdRRhZL4Qx1MWAGDi7Jd2YaqS85NGuX9Eo2-0jfPFRbGWj6239sau7eWgP0q9lot0Uwc6aElkKxhy7Db-08ND7YC0t4PlWJ5exiLBIJLb3uxMKlaPCJcXWlA9jtZ5GMdoB7MDW_tK0H5Ufbz9b0HdraBz_qMh0ZaSB9cIvENGzSCEuxi22TkYRCBpj5G-9gOs8RzM.JuM7l9N7_LrI4whcs8mDwcd4s6TSo9brr7w-bzuE-dM%26dib_tag%3Dse%26keywords%3Dlaptop%26qid%3D1720784368%26sprefix%3Dlaptop%252Caps%252C209%26sr%3D8-70-spons%26sp_csd%3Dd2lkZ2V0TmFtZT1zcF9idGY%26psc%3D1
50,"Acer Aspire Lite 12th Gen Intel Core i5-1235U Thin and Light Laptop (Windows 11 Home/16GB RAM/512GB SSD/Intel Iris Xe Graphics) AL15-52, 39.62cm (15.6"") Full HD Display, Metal Body, Steel Gray, 1.6 KG  ","45,990",https://amazon.in//Acer-i5-1235U-Windows-Graphics-AL15-52/dp/B0CLTW4D7T/ref=sr_1_37?crid=3727JAH5BQD82&dib=eyJ2IjoiMSJ9.U3SBgx7zRDIUCkTHJs3x6e9AT7wMIZ4Ka8eOfGvOCOqQCBBnmAXde_STlRAYlaANxAVw-7P_VbjgUj9coSzkA2T7aVj7w8hDOzJiJyIqot2LgUGuUSA2rbVu_zraKxhHkeIny3FlHOXtvf7fw6FkPFwQWVuiJjlBtf17GZ_4Urgupc_HjuE2aSQ3fgqw_S5H86V1VtJZOVi0Wxw9DIn_aRCfVV887wMBcfLPaV89Q-0.UBaGPRUEa6NjMO2ZEHU6uLgW2Sg4Zs4Ay_rVMfDyt8A&dib_tag=se&keywords=laptop&qid=1720784365&sprefix=laptop%2Caps%2C209&sr=8-37
51,"HP Laptop 15s, Intel Celeron N4500, 15.6-inch (39.6 cm), HD, 8GB DDR4, 512GB SSD, Intel UHD graphics, 720p HD camera, Thin & light, Dual speakers (Win 11, Black, 1.65 kg), fq3066TU  ","26,490",https://amazon.in//HP-15-6-inch-Micro-Edge-Graphics-15s-fq3066TU/dp/B0CJC7S45V/ref=sr_1_19?crid=3727JAH5BQD82&dib=eyJ2IjoiMSJ9.iUhFWZy7nDKE-Z4z6TlOw1LuiOKyYlsU-aZYs4iUzp0HYBt2dp5HPoozV5JNgHma3Ldu83ul1HwJ6n5wPtDFvQeCM1rKuVP4WqoHlbSPfaWQt6BEysecc_CWuprVw3WKb5OrL5F5aEkwZwriTXceXcYVycTToMSNWgYfcp-DwNtLGIQwzToWfVeKo_SRsFUqaXGUbW2OjeIFl6ignLsBAzc7M02giBlTOm6UlmkR33I.PJs2cR-ZEROey5FSKcn6nD4F7WQZG_f4s4o_mko2fJk&dib_tag=se&keywords=laptop&qid=1720784361&sprefix=laptop%2Caps%2C209&sr=8-19
52,"HP Chromebook 15A Intel Celeron N4500 15.6 Inch (39.6Cm) Hd,Anti-Glare, Chrome OS Micro-Edge Laptop(4Gb Ram/128 Gb Emmc/Intel Uhd Graphics/Google Assistant/Chrome 64/Numeric Keypad) 15A- Na0012Tu  ","18,990",https://amazon.in//HP-Chromebook-Anti-Glare-11a-na0012TU/dp/B0BD7Z26BN/ref=sr_1_48?crid=3727JAH5BQD82&dib=eyJ2IjoiMSJ9.U3SBgx7zRDIUCkTHJs3x6e9AT7wMIZ4Ka8eOfGvOCOqQCBBnmAXde_STlRAYlaANxAVw-7P_VbjgUj9coSzkA2T7aVj7w8hDOzJiJyIqot2LgUGuUSA2rbVu_zraKxhHkeIny3FlHOXtvf7fw6FkPFwQWVuiJjlBtf17GZ_4Urgupc_HjuE2aSQ3fgqw_S5H86V1VtJZOVi0Wxw9DIn_aRCfVV887wMBcfLPaV89Q-0.UBaGPRUEa6NjMO2ZEHU6uLgW2Sg4Zs4Ay_rVMfDyt8A&dib_tag=se&keywords=laptop&qid=1720784365&sprefix=laptop%2Caps%2C209&sr=8-48
53,"HP Victus Gaming Laptop,12th Gen Intel Core i5-12450H,4GB RTX 3050 GPU,15.6-inch(39.6 cm),FHD,IPS,16GB DDR4,512GB SSD,Backlit KB,Dual speakers (MSO, Blue,2.37 kg),fa0666TX/fa0444tx  ","67,790",https://amazon.in//sspa/click?ie=UTF8&spc=MTozOTAyMjQ1OTI0NDgxOTM6MTcyMDc4NDM2NTpzcF9zZWFyY2hfdGhlbWF0aWM6MzAwMjUxMDc4NDM2NjMyOjozOjo&url=%2FHP-i5-12450H-15-6-inch-Response-fa0666TX%2Fdp%2FB0C2HZYM87%2Fref%3Dsxin_12_pa_sp_search_thematic_sspa%3Fcontent-id%3Damzn1.sym.fc684e65-c18a-4031-9f8d-e6a2af0c8bfb%253Aamzn1.sym.fc684e65-c18a-4031-9f8d-e6a2af0c8bfb%26crid%3D3727JAH5BQD82%26cv_ct_cx%3Dlaptop%26dib%3DeyJ2IjoiMSJ9.tVAq9CtKROUqzzzmVL4eW1Oe0gn4JOvdf5XgzE1BR2KAE2veFLMxBzL3F9DCHpuj8NCU8U8LSqe7l3627W1rWQ.IIz7iqQIlrJrVkFYaWoa14Dz-6kHF4Hhou6zlRe8AJk%26dib_tag%3Dse%26keywords%3Dlaptop%26pd_rd_i%3DB0C2HZYM87%26pd_rd_r%3D02b2f990-eb8a-4c46-a2c4-8b167c336132%26pd_rd_w%3DzbEjy%26pd_rd_wg%3D07YPR%26pf_rd_p%3Dfc684e65-c18a-4031-9f8d-e6a2af0c8bfb%26pf_rd_r%3D6AGYCCRHNGC84RBCGCSN%26qid%3D1720784365%26sbo%3DRZvfv%252F%252FHxDF%252BO5021pAnSA%253D%253D%26sprefix%3Dlaptop%252Caps%252C209%26sr%3D1-36-2ec22325-1003-449d-8aaf-c0bcc24717ae-spons%26sp_csd%3Dd2lkZ2V0TmFtZT1zcF9zZWFyY2hfdGhlbWF0aWM%26psc%3D1
54,"HP Laptop 15s, 12th Gen Intel Core i5-1235U, 15.6-inch (39.6 cm), FHD, 16GB DDR4, 512GB SSD, Intel Iris Xe graphics, 720p HD camera, Backlit KB, Thin & Light (Win 11, Silver, 1.69 kg), fy5009TU  ","52,990",https://amazon.in//sspa/click?ie=UTF8&spc=MTo4MTkxMjQ3MzU1NzY3MTkzOjE3MjA3ODQzNjM6c3Bfc2VhcmNoX3RoZW1hdGljOjMwMDIxNTg1OTUzNjEzMjo6Mzo6&url=%2FHP-i5-1235U-15-6-inch-graphics-fy5009TU%2Fdp%2FB0D4M66F6R%2Fref%3Dsxin_12_pa_sp_search_thematic_sspa%3Fcontent-id%3Damzn1.sym.fc684e65-c18a-4031-9f8d-e6a2af0c8bfb%253Aamzn1.sym.fc684e65-c18a-4031-9f8d-e6a2af0c8bfb%26crid%3D3727JAH5BQD82%26cv_ct_cx%3Dlaptop%26dib%3DeyJ2IjoiMSJ9.ScqWG1aXA6y5O0pUrHFmBo2H-oPTYKaLb3L0vsffblSUk0MOLZGB721DOf1xqLKAlL7_tD3Pk1qr_YoTG2dADA.wUT8PHkjot2JFIaAfg8PSXUg1ILqFHFIfLbdyl3yL_o%26dib_tag%3Dse%26keywords%3Dlaptop%26pd_rd_i%3DB0D4M66F6R%26pd_rd_r%3D0b9372ed-5632-460d-8494-717ad5c826de%26pd_rd_w%3D9eued%26pd_rd_wg%3DCPZ2M%26pf_rd_p%3Dfc684e65-c18a-4031-9f8d-e6a2af0c8bfb%26pf_rd_r%3DQMZ1W1EQSW72P8BH191N%26qid%3D1720784363%26sbo%3DRZvfv%252F%252FHxDF%252BO5021pAnSA%253D%253D%26sprefix%3Dlaptop%252Caps%252C209%26sr%3D1-20-2ec22325-1003-449d-8aaf-c0bcc24717ae-spons%26sp_csd%3Dd2lkZ2V0TmFtZT1zcF9zZWFyY2hfdGhlbWF0aWM%26psc%3D1
55,"Apple 2023 MacBook Pro (16-inch, M3 Max chip with 16‑core CPU and 40‑core GPU, 48GB Unified Memory, 1TB) - Space Black  ","3,79,990",https://amazon.in//sspa/click?ie=UTF8&spc=MTozNzczOTg4Mzg4Njg1MTkzOjE3MjA3ODQzNjM6c3BfbXRmOjMwMDA4NTQwMzIxODczMjo6MDo6&url=%2FApple-MacBook-16-inch-16%25E2%2580%2591core-40%25E2%2580%2591core%2Fdp%2FB0CM5SZ7CP%2Fref%3Dsr_1_27_sspa%3Fcrid%3D3727JAH5BQD82%26dib%3DeyJ2IjoiMSJ9.2WcZUDFm5tLAswmDhbhbf7-rSCO7kEimkakfROVrwzxlujMir2RsVIzjR3VoLxV7yWznklGNBO0mJDuDyMrA2e7ObWdStLA_cakkCjME_hXm6VAwgsNmDihm2WmhSVLUplmzo5BQ1IDtWjat2BNzm3cutcsSJNb8DU4tW2V0vRkP3dqjVvGtw8_ub0Nza6z5zMAT-m9Ex2DRf8ENj3LcXSycnuy6tfpljsS8lxzJ8jE.hDJM3VEEa7jglnpnDm06CQkwJsln_aPwzPewBy36cxA%26dib_tag%3Dse%26keywords%3Dlaptop%26qid%3D1720784363%26sprefix%3Dlaptop%252Caps%252C209%26sr%3D8-27-spons%26sp_csd%3Dd2lkZ2V0TmFtZT1zcF9tdGY%26psc%3D1
56,"ASUS Vivobook Go 14 (2023), 14"" (35.56 cm) FHD (1920 x 1080) 16:9, Intel Celeron N4500, Thin and Light Laptop (8GB RAM/256GB SSD/Integrated Graphics/Windows 11 Home/Black/1.3 Kg), E410KA-EK013W  ","23,990",https://amazon.in//ASUS-Vivobook-35-56-1920-1080/dp/B0CZXM6V2X/ref=sr_1_4?crid=3727JAH5BQD82&dib=eyJ2IjoiMSJ9.iUhFWZy7nDKE-Z4z6TlOw1LuiOKyYlsU-aZYs4iUzp0HYBt2dp5HPoozV5JNgHma3Ldu83ul1HwJ6n5wPtDFvQeCM1rKuVP4WqoHlbSPfaWQt6BEysecc_CWuprVw3WKb5OrL5F5aEkwZwriTXceXcYVycTToMSNWgYfcp-DwNtLGIQwzToWfVeKo_SRsFUqaXGUbW2OjeIFl6ignLsBAzc7M02giBlTOm6UlmkR33I.PJs2cR-ZEROey5FSKcn6nD4F7WQZG_f4s4o_mko2fJk&dib_tag=se&keywords=laptop&qid=1720784361&sprefix=laptop%2Caps%2C209&sr=8-4
57,"MSI Thin 15, Intel Core i5-12450H, 40CM FHD 144Hz Gaming Laptop(8GB/512GB NVMe SSD/Windows 11 Home/NVIDIA GeForce RTX 2050, Cosmos Gray/1.86Kg), B12UCX-1696IN  ","59,990",https://amazon.in//sspa/click?ie=UTF8&spc=MTo0Mjc5NDM3MTcxNzIzMTkzOjE3MjA3ODQzNjE6c3BfbXRmOjMwMDI0NjA4OTY2MTIzMjo6MDo6&url=%2FMSI-i5-12450H-Windows-GeForce-B12UCX-1696IN%2Fdp%2FB0CV9S9VTM%2Fref%3Dsr_1_11_sspa%3Fcrid%3D3727JAH5BQD82%26dib%3DeyJ2IjoiMSJ9.iUhFWZy7nDKE-Z4z6TlOw1LuiOKyYlsU-aZYs4iUzp0HYBt2dp5HPoozV5JNgHma3Ldu83ul1HwJ6n5wPtDFvQeCM1rKuVP4WqoHlbSPfaWQt6BEysecc_CWuprVw3WKb5OrL5F5aEkwZwriTXceXcYVycTToMSNWgYfcp-DwNtLGIQwzToWfVeKo_SRsFUqaXGUbW2OjeIFl6ignLsBAzc7M02giBlTOm6UlmkR33I.PJs2cR-ZEROey5FSKcn6nD4F7WQZG_f4s4o_mko2fJk%26dib_tag%3Dse%26keywords%3Dlaptop%26qid%3D1720784361%26sprefix%3Dlaptop%252Caps%252C209%26sr%3D8-11-spons%26sp_csd%3Dd2lkZ2V0TmFtZT1zcF9tdGY%26psc%3D1
58,"Acer Aspire Lite AMD Ryzen 7 5700U Premium Thin and Light Laptop (Windows 11 Home/16 GB RAM/1 TB SSD/MSO) AL15-41 with 39.62 cm (15.6"") Full HD Display, Metal Body, Steel Gray, 1.6 KG  ","46,990",https://amazon.in//sspa/click?ie=UTF8&spc=MTo1MDI5Njk2OTM2MTQ2MTkzOjE3MjA3ODQzNjU6c3BfYXRmX25leHQ6MzAwMjI5MzE2MjM0NzMyOjowOjo&url=%2FAcer-Premium-Windows-AL15-41-Display%2Fdp%2FB0CWV1XCRP%2Fref%3Dsr_1_33_sspa%3Fcrid%3D3727JAH5BQD82%26dib%3DeyJ2IjoiMSJ9.U3SBgx7zRDIUCkTHJs3x6e9AT7wMIZ4Ka8eOfGvOCOqQCBBnmAXde_STlRAYlaANxAVw-7P_VbjgUj9coSzkA2T7aVj7w8hDOzJiJyIqot2LgUGuUSA2rbVu_zraKxhHkeIny3FlHOXtvf7fw6FkPFwQWVuiJjlBtf17GZ_4Urgupc_HjuE2aSQ3fgqw_S5H86V1VtJZOVi0Wxw9DIn_aRCfVV887wMBcfLPaV89Q-0.UBaGPRUEa6NjMO2ZEHU6uLgW2Sg4Zs4Ay_rVMfDyt8A%26dib_tag%3Dse%26keywords%3Dlaptop%26qid%3D1720784365%26sprefix%3Dlaptop%252Caps%252C209%26sr%3D8-33-spons%26sp_csd%3Dd2lkZ2V0TmFtZT1zcF9hdGZfbmV4dA%26psc%3D1
59,"MSI Thin 15, Intel Core i7-13620H, 40CM FHD 144Hz Gaming Laptop(16GB/512GB NVMe SSD/Windows 11 Home/NVIDIA GeForce RTX 3050, Cosmos Gray/1.86Kg), B13UC-1804IN  ","79,990",https://amazon.in//sspa/click?ie=UTF8&spc=MTo1NDUyNzUxOTY3MjYxOTM6MTcyMDc4NDM2ODpzcF9tdGY6MzAwMjQ2MDg5NjYwNjMyOjowOjo&url=%2FMSI-i7-13620H-Windows-GeForce-B13UC-1804IN%2Fdp%2FB0CV9LFHYG%2Fref%3Dsr_1_60_sspa%3Fcrid%3D3727JAH5BQD82%26dib%3DeyJ2IjoiMSJ9.HPq19XTaiqWfTDKytYXOT3BGCOLkOSDKXo25J7VdRRhZL4Qx1MWAGDi7Jd2YaqS85NGuX9Eo2-0jfPFRbGWj6239sau7eWgP0q9lot0Uwc6aElkKxhy7Db-08ND7YC0t4PlWJ5exiLBIJLb3uxMKlaPCJcXWlA9jtZ5GMdoB7MDW_tK0H5Ufbz9b0HdraBz_qMh0ZaSB9cIvENGzSCEuxi22TkYRCBpj5G-9gOs8RzM.JuM7l9N7_LrI4whcs8mDwcd4s6TSo9brr7w-bzuE-dM%26dib_tag%3Dse%26keywords%3Dlaptop%26qid%3D1720784368%26sprefix%3Dlaptop%252Caps%252C209%26sr%3D8-60-spons%26sp_csd%3Dd2lkZ2V0TmFtZT1zcF9tdGY%26psc%3D1
60,"MSI Modern 14, Intel 12th Gen. i7-1255U, 36CM FHD 60Hz Laptop (16GB/512GB NVMe SSD/Windows 11 Home/Intel Iris Xe Graphics/Classic Black/1.4Kg), C12M-459IN  ","49,911",https://amazon.in//MSI-i7-1255U-Windows-Graphics-C12M-459IN/dp/B09YCX5F52/ref=sr_1_52?crid=3727JAH5BQD82&dib=eyJ2IjoiMSJ9.U3SBgx7zRDIUCkTHJs3x6e9AT7wMIZ4Ka8eOfGvOCOqQCBBnmAXde_STlRAYlaANxAVw-7P_VbjgUj9coSzkA2T7aVj7w8hDOzJiJyIqot2LgUGuUSA2rbVu_zraKxhHkeIny3FlHOXtvf7fw6FkPFwQWVuiJjlBtf17GZ_4Urgupc_HjuE2aSQ3fgqw_S5H86V1VtJZOVi0Wxw9DIn_aRCfVV887wMBcfLPaV89Q-0.UBaGPRUEa6NjMO2ZEHU6uLgW2Sg4Zs4Ay_rVMfDyt8A&dib_tag=se&keywords=laptop&qid=1720784365&sprefix=laptop%2Caps%2C209&sr=8-52
61,"Acer [Smartchoice] Aspire Lite AMD Ryzen 7 5700U Premium Thin and Light Laptop (Windows 11 Home/16 GB RAM/512 GB SSD/MSO) AL15-41 with 39.62 cm (15.6"") Full HD Display, Metal Body, Steel Gray, 1.6 KG  ","43,990",https://amazon.in//sspa/click?ie=UTF8&spc=MTo1NDUyNzUxOTY3MjYxOTM6MTcyMDc4NDM2ODpzcF9hdGZfbmV4dDozMDAyMjkzMTYyMzQ4MzI6OjA6Og&url=%2FAcer-Smartchoice-Premium-Windows-AL15-41%2Fdp%2FB0CWTLXMMC%2Fref%3Dsr_1_49_sspa%3Fcrid%3D3727JAH5BQD82%26dib%3DeyJ2IjoiMSJ9.HPq19XTaiqWfTDKytYXOT3BGCOLkOSDKXo25J7VdRRhZL4Qx1MWAGDi7Jd2YaqS85NGuX9Eo2-0jfPFRbGWj6239sau7eWgP0q9lot0Uwc6aElkKxhy7Db-08ND7YC0t4PlWJ5exiLBIJLb3uxMKlaPCJcXWlA9jtZ5GMdoB7MDW_tK0H5Ufbz9b0HdraBz_qMh0ZaSB9cIvENGzSCEuxi22TkYRCBpj5G-9gOs8RzM.JuM7l9N7_LrI4whcs8mDwcd4s6TSo9brr7w-bzuE-dM%26dib_tag%3Dse%26keywords%3Dlaptop%26qid%3D1720784368%26sprefix%3Dlaptop%252Caps%252C209%26sr%3D8-49-spons%26sp_csd%3Dd2lkZ2V0TmFtZT1zcF9hdGZfbmV4dA%26psc%3D1
62,"Apple MacBook Air Laptop M1 chip, 13.3-inch/33.74 cm Retina Display, 8GB RAM, 256GB SSD Storage, Backlit Keyboard, FaceTime HD Camera, Touch ID. Works with iPhone/iPad; Space Grey  ","71,990",https://amazon.in//Apple-MacBook-Chip-13-inch-256GB/dp/B08N5W4NNB/ref=sr_1_24?crid=3727JAH5BQD82&dib=eyJ2IjoiMSJ9.2WcZUDFm5tLAswmDhbhbf7-rSCO7kEimkakfROVrwzxlujMir2RsVIzjR3VoLxV7yWznklGNBO0mJDuDyMrA2e7ObWdStLA_cakkCjME_hXm6VAwgsNmDihm2WmhSVLUplmzo5BQ1IDtWjat2BNzm3cutcsSJNb8DU4tW2V0vRkP3dqjVvGtw8_ub0Nza6z5zMAT-m9Ex2DRf8ENj3LcXSycnuy6tfpljsS8lxzJ8jE.hDJM3VEEa7jglnpnDm06CQkwJsln_aPwzPewBy36cxA&dib_tag=se&keywords=laptop&qid=1720784363&sprefix=laptop%2Caps%2C209&sr=8-24
63,"HP Laptop 15, 13th Gen Intel Core i3-1315U, 15.6-inch (39.6 cm), FHD, 8GB DDR4, 512GB SSD, Thin & light, Intel Iris Xᵉ graphics, Dual speakers (Win 11, MSO 2021, Silver, 1.59 kg), fd0006TU  ","40,970",https://amazon.in//HP-i3-1315U-15-6-inch-Graphics-Speakers/dp/B0C3RF3HT3/ref=sr_1_23?crid=3727JAH5BQD82&dib=eyJ2IjoiMSJ9.2WcZUDFm5tLAswmDhbhbf7-rSCO7kEimkakfROVrwzxlujMir2RsVIzjR3VoLxV7yWznklGNBO0mJDuDyMrA2e7ObWdStLA_cakkCjME_hXm6VAwgsNmDihm2WmhSVLUplmzo5BQ1IDtWjat2BNzm3cutcsSJNb8DU4tW2V0vRkP3dqjVvGtw8_ub0Nza6z5zMAT-m9Ex2DRf8ENj3LcXSycnuy6tfpljsS8lxzJ8jE.hDJM3VEEa7jglnpnDm06CQkwJsln_aPwzPewBy36cxA&dib_tag=se&keywords=laptop&qid=1720784363&sprefix=laptop%2Caps%2C209&sr=8-23
64,"Apple 2023 MacBook Pro (14-inch, M3 Max chip with 14‑core CPU and 30‑core GPU, 36GB Unified Memory, 1TB) - Space Black  ","2,99,990",https://amazon.in//sspa/click?ie=UTF8&spc=MTo1MDI5Njk2OTM2MTQ2MTkzOjE3MjA3ODQzNjU6c3BfYnRmOjMwMDA4NTQwMzIxODgzMjo6MDo6&url=%2FApple-MacBook-14-inch-14%25E2%2580%2591core-30%25E2%2580%2591core%2Fdp%2FB0CM5VYBTY%2Fref%3Dsr_1_54_sspa%3Fcrid%3D3727JAH5BQD82%26dib%3DeyJ2IjoiMSJ9.U3SBgx7zRDIUCkTHJs3x6e9AT7wMIZ4Ka8eOfGvOCOqQCBBnmAXde_STlRAYlaANxAVw-7P_VbjgUj9coSzkA2T7aVj7w8hDOzJiJyIqot2LgUGuUSA2rbVu_zraKxhHkeIny3FlHOXtvf7fw6FkPFwQWVuiJjlBtf17GZ_4Urgupc_HjuE2aSQ3fgqw_S5H86V1VtJZOVi0Wxw9DIn_aRCfVV887wMBcfLPaV89Q-0.UBaGPRUEa6NjMO2ZEHU6uLgW2Sg4Zs4Ay_rVMfDyt8A%26dib_tag%3Dse%26keywords%3Dlaptop%26qid%3D1720784365%26sprefix%3Dlaptop%252Caps%252C209%26sr%3D8-54-spons%26sp_csd%3Dd2lkZ2V0TmFtZT1zcF9idGY%26psc%3D1
65,"MSI Thin 15, Intel Core i5-12450H, 40CM FHD 144Hz Gaming Laptop(16GB/512GB NVMe SSD/Windows 11 Home/NVIDIA GeForce RTX 3050, Cosmos Gray/1.86Kg), B12UC-1692IN  ","62,990",https://amazon.in//sspa/click?ie=UTF8&spc=MTo1NDUyNzUxOTY3MjYxOTM6MTcyMDc4NDM2ODpzcF9tdGY6MzAwMjQ2MDg5NjYwOTMyOjowOjo&url=%2FMSI-i5-12450H-Windows-GeForce-B12UC-1692IN%2Fdp%2FB0CV9P2BB8%2Fref%3Dsr_1_59_sspa%3Fcrid%3D3727JAH5BQD82%26dib%3DeyJ2IjoiMSJ9.HPq19XTaiqWfTDKytYXOT3BGCOLkOSDKXo25J7VdRRhZL4Qx1MWAGDi7Jd2YaqS85NGuX9Eo2-0jfPFRbGWj6239sau7eWgP0q9lot0Uwc6aElkKxhy7Db-08ND7YC0t4PlWJ5exiLBIJLb3uxMKlaPCJcXWlA9jtZ5GMdoB7MDW_tK0H5Ufbz9b0HdraBz_qMh0ZaSB9cIvENGzSCEuxi22TkYRCBpj5G-9gOs8RzM.JuM7l9N7_LrI4whcs8mDwcd4s6TSo9brr7w-bzuE-dM%26dib_tag%3Dse%26keywords%3Dlaptop%26qid%3D1720784368%26sprefix%3Dlaptop%252Caps%252C209%26sr%3D8-59-spons%26sp_csd%3Dd2lkZ2V0TmFtZT1zcF9tdGY%26psc%3D1
66,"ASUS Zenbook 14 OLED (2024), Intel EVO Core Ultra 5 125H, Built-in AI, 14""(35.56cm) FHD OLED, Thin and Light Laptop (16GB/1TB SSD/Windows 11/Intel Arc/Office 2021/75WH /Blue/1.22Kg), UX3405MA-QD552WS  ","99,990",https://amazon.in//sspa/click?ie=UTF8&spc=MTo1MDI5Njk2OTM2MTQ2MTkzOjE3MjA3ODQzNjU6c3BfYnRmOjMwMDEzNzI0MTA5NTUzMjo6MDo6&url=%2FASUS-Zenbook-35-56cm-Windows-UX3405MA-QD552WS%2Fdp%2FB0CV16BSCB%2Fref%3Dsr_1_53_sspa%3Fcrid%3D3727JAH5BQD82%26dib%3DeyJ2IjoiMSJ9.U3SBgx7zRDIUCkTHJs3x6e9AT7wMIZ4Ka8eOfGvOCOqQCBBnmAXde_STlRAYlaANxAVw-7P_VbjgUj9coSzkA2T7aVj7w8hDOzJiJyIqot2LgUGuUSA2rbVu_zraKxhHkeIny3FlHOXtvf7fw6FkPFwQWVuiJjlBtf17GZ_4Urgupc_HjuE2aSQ3fgqw_S5H86V1VtJZOVi0Wxw9DIn_aRCfVV887wMBcfLPaV89Q-0.UBaGPRUEa6NjMO2ZEHU6uLgW2Sg4Zs4Ay_rVMfDyt8A%26dib_tag%3Dse%26keywords%3Dlaptop%26qid%3D1720784365%26sprefix%3Dlaptop%252Caps%252C209%26sr%3D8-53-spons%26sp_csd%3Dd2lkZ2V0TmFtZT1zcF9idGY%26psc%3D1
67,"MSI Thin 15, Intel Core i7-12650H, 40CM FHD 144Hz Gaming Laptop(16GB/512GB NVMe SSD/Windows 11 Home/NVIDIA GeForce RTX 2050, Cosmos Gray/1.86Kg), B12UCX-1694IN  ","71,990",https://amazon.in//sspa/click?ie=UTF8&spc=MTo1MDI5Njk2OTM2MTQ2MTkzOjE3MjA3ODQzNjU6c3BfYXRmX25leHQ6MzAwMjQ2MDg5NjYxMDMyOjowOjo&url=%2FMSI-i7-12650H-Windows-GeForce-B12UCX-1694IN%2Fdp%2FB0CV9S7ZV6%2Fref%3Dsr_1_34_sspa%3Fcrid%3D3727JAH5BQD82%26dib%3DeyJ2IjoiMSJ9.U3SBgx7zRDIUCkTHJs3x6e9AT7wMIZ4Ka8eOfGvOCOqQCBBnmAXde_STlRAYlaANxAVw-7P_VbjgUj9coSzkA2T7aVj7w8hDOzJiJyIqot2LgUGuUSA2rbVu_zraKxhHkeIny3FlHOXtvf7fw6FkPFwQWVuiJjlBtf17GZ_4Urgupc_HjuE2aSQ3fgqw_S5H86V1VtJZOVi0Wxw9DIn_aRCfVV887wMBcfLPaV89Q-0.UBaGPRUEa6NjMO2ZEHU6uLgW2Sg4Zs4Ay_rVMfDyt8A%26dib_tag%3Dse%26keywords%3Dlaptop%26qid%3D1720784365%26sprefix%3Dlaptop%252Caps%252C209%26sr%3D8-34-spons%26sp_csd%3Dd2lkZ2V0TmFtZT1zcF9hdGZfbmV4dA%26psc%3D1
68,"HP Laptop 15,12th Gen Intel Core i3-1215U,15.6
                    inch(39.6 cm),FHD,Anti-Glare,8 GB DDR4,512 GB SSD,Windows 11,MSO,Dual Speakers,1.69 kg,Natural
                    Silver,15s-fq5326TU  ","36,690",https://amazon.in//HP-i3-1215U-Anti-Glare-Speakers-15s-fq5326TU/dp/B0CYQ257C1/ref=sr_1_10?crid=3727JAH5BQD82&dib=eyJ2IjoiMSJ9.iUhFWZy7nDKE-Z4z6TlOw1LuiOKyYlsU-aZYs4iUzp0HYBt2dp5HPoozV5JNgHma3Ldu83ul1HwJ6n5wPtDFvQeCM1rKuVP4WqoHlbSPfaWQt6BEysecc_CWuprVw3WKb5OrL5F5aEkwZwriTXceXcYVycTToMSNWgYfcp-DwNtLGIQwzToWfVeKo_SRsFUqaXGUbW2OjeIFl6ignLsBAzc7M02giBlTOm6UlmkR33I.PJs2cR-ZEROey5FSKcn6nD4F7WQZG_f4s4o_mko2fJk&dib_tag=se&keywords=laptop&qid=1720784361&sprefix=laptop%2Caps%2C209&sr=8-10
69,"
Lenovo IdeaPad Slim 1 Intel Core Celeron N4020 14"" HD Thin
                    and Light Laptop (8GB/512GB SSD/Windows 11 Home/Office
                    21/1Yr Warranty/Cloud Grey/1.3Kg), 82V6009LIN

","25,990",https://amazon.in//Lenovo-IdeaPad-Celeron-Warranty-82V6009LIN/dp/B0D6Z2H2HR/ref=sr_1_3?crid=3727JAH5BQD82&dib=eyJ2IjoiMSJ9.iUhFWZy7nDKE-Z4z6TlOw1LuiOKyYlsU-aZYs4iUzp0HYBt2dp5HPoozV5JNgHma3Ldu83ul1HwJ6n5wPtDFvQeCM1rKuVP4WqoHlbSPfaWQt6BEysecc_CWuprVw3WKb5OrL5F5aEkwZwriTXceXcYVycTToMSNWgYfcp-DwNtLGIQwzToWfVeKo_SRsFUqaXGUbW2OjeIFl6ignLsBAzc7M02giBlTOm6UlmkR33I.PJs2cR-ZEROey5FSKcn6nD4F7WQZG_f4s4o_mko2fJk&dib_tag=se&keywords=laptop&qid=1720784361&sprefix=laptop%2Caps%2C209&sr=8-3
70,"ASUS TUF F17 Gaming Laptop, Intel Core i5-11400H 11th Gen, 17.3-inch (43.94 cm) 144Hz, (8GB RAM/512GB SSD/4GB NVIDIA GeForce RTX 2050/Windows 11/ RGB Backlit KB/Black/2.30 kg), ‎FX706HF-HX018W  ","53,081",https://amazon.in//sspa/click?ie=UTF8&spc=MTozNzczOTg4Mzg4Njg1MTkzOjE3MjA3ODQzNjM6c3BfbXRmOjMwMDExOTI5NjkzNTQzMjo6MDo6&url=%2FASUS-i5-11400H-17-3-inch-GeForce-FX706HF-HX018W%2Fdp%2FB0C27VNNWH%2Fref%3Dsr_1_28_sspa%3Fcrid%3D3727JAH5BQD82%26dib%3DeyJ2IjoiMSJ9.2WcZUDFm5tLAswmDhbhbf7-rSCO7kEimkakfROVrwzxlujMir2RsVIzjR3VoLxV7yWznklGNBO0mJDuDyMrA2e7ObWdStLA_cakkCjME_hXm6VAwgsNmDihm2WmhSVLUplmzo5BQ1IDtWjat2BNzm3cutcsSJNb8DU4tW2V0vRkP3dqjVvGtw8_ub0Nza6z5zMAT-m9Ex2DRf8ENj3LcXSycnuy6tfpljsS8lxzJ8jE.hDJM3VEEa7jglnpnDm06CQkwJsln_aPwzPewBy36cxA%26dib_tag%3Dse%26keywords%3Dlaptop%26qid%3D1720784363%26sprefix%3Dlaptop%252Caps%252C209%26sr%3D8-28-spons%26sp_csd%3Dd2lkZ2V0TmFtZT1zcF9tdGY%26psc%3D1
71,"Lenovo LOQ 2024 12th Gen Intel Core i5-12450HX 15.6"" (39.6cm) 144Hz 300Nits FHD IPS Gaming Laptop (16GB/512GB SSD/NVIDIA RTX 3050 6GB Graphics/Win 11/Non-MSO/3 Mon. Game Pass/Grey/2.4Kg), 83GS003NIN  ","65,990",https://amazon.in//sspa/click?ie=UTF8&spc=MTo4MTkxMjQ3MzU1NzY3MTkzOjE3MjA3ODQzNjM6c3Bfc2VhcmNoX3RoZW1hdGljOjMwMDI1MTA3ODQzNjkzMjo6Mjo6&url=%2FLenovo-i5-12450HX-300Nits-Graphics-83GS003NIN%2Fdp%2FB0D49RN3X6%2Fref%3Dsxin_12_pa_sp_search_thematic_sspa%3Fcontent-id%3Damzn1.sym.fc684e65-c18a-4031-9f8d-e6a2af0c8bfb%253Aamzn1.sym.fc684e65-c18a-4031-9f8d-e6a2af0c8bfb%26crid%3D3727JAH5BQD82%26cv_ct_cx%3Dlaptop%26dib%3DeyJ2IjoiMSJ9.ScqWG1aXA6y5O0pUrHFmBo2H-oPTYKaLb3L0vsffblSUk0MOLZGB721DOf1xqLKAlL7_tD3Pk1qr_YoTG2dADA.wUT8PHkjot2JFIaAfg8PSXUg1ILqFHFIfLbdyl3yL_o%26dib_tag%3Dse%26keywords%3Dlaptop%26pd_rd_i%3DB0D49RN3X6%26pd_rd_r%3D0b9372ed-5632-460d-8494-717ad5c826de%26pd_rd_w%3D9eued%26pd_rd_wg%3DCPZ2M%26pf_rd_p%3Dfc684e65-c18a-4031-9f8d-e6a2af0c8bfb%26pf_rd_r%3DQMZ1W1EQSW72P8BH191N%26qid%3D1720784363%26sbo%3DRZvfv%252F%252FHxDF%252BO5021pAnSA%253D%253D%26sprefix%3Dlaptop%252Caps%252C209%26sr%3D1-19-2ec22325-1003-449d-8aaf-c0bcc24717ae-spons%26sp_csd%3Dd2lkZ2V0TmFtZT1zcF9zZWFyY2hfdGhlbWF0aWM%26psc%3D1
72,"Lenovo ThinkBook 15 G5 Ryzen 3 15.6"" FHD IPS Antiglare 300 Nits Thin and Light Laptop (8GB RAM/512GB SSD/Windows 11 Home/FPR/MS Office H&S 2021/Mineral Grey/1 Year Onsite/1.7 kg), 21JFA02PIN  ","35,990",https://amazon.in//sspa/click?ie=UTF8&spc=MTozOTAyMjQ1OTI0NDgxOTM6MTcyMDc4NDM2NTpzcF9zZWFyY2hfdGhlbWF0aWM6MzAwMTY5MTg0MjIxNDMyOjo0Ojo&url=%2FLenovo-ThinkBook-Antiglare-Windows-21JFA02PIN%2Fdp%2FB0CWMC1L7J%2Fref%3Dsxin_12_pa_sp_search_thematic_sspa%3Fcontent-id%3Damzn1.sym.fc684e65-c18a-4031-9f8d-e6a2af0c8bfb%253Aamzn1.sym.fc684e65-c18a-4031-9f8d-e6a2af0c8bfb%26crid%3D3727JAH5BQD82%26cv_ct_cx%3Dlaptop%26dib%3DeyJ2IjoiMSJ9.tVAq9CtKROUqzzzmVL4eW1Oe0gn4JOvdf5XgzE1BR2KAE2veFLMxBzL3F9DCHpuj8NCU8U8LSqe7l3627W1rWQ.IIz7iqQIlrJrVkFYaWoa14Dz-6kHF4Hhou6zlRe8AJk%26dib_tag%3Dse%26keywords%3Dlaptop%26pd_rd_i%3DB0CWMC1L7J%26pd_rd_r%3D02b2f990-eb8a-4c46-a2c4-8b167c336132%26pd_rd_w%3DzbEjy%26pd_rd_wg%3D07YPR%26pf_rd_p%3Dfc684e65-c18a-4031-9f8d-e6a2af0c8bfb%26pf_rd_r%3D6AGYCCRHNGC84RBCGCSN%26qid%3D1720784365%26sbo%3DRZvfv%252F%252FHxDF%252BO5021pAnSA%253D%253D%26sprefix%3Dlaptop%252Caps%252C209%26sr%3D1-37-2ec22325-1003-449d-8aaf-c0bcc24717ae-spons%26sp_csd%3Dd2lkZ2V0TmFtZT1zcF9zZWFyY2hfdGhlbWF0aWM%26psc%3D1
73,"HP 255 G9 (840T7PA) Notebook (AMD Athlon Silver-3050U/ 4GB RAM/ 256GB SSD/DOS/ 15.6"" Screen/ 1 Year Warranty), Black  ","19,890",https://amazon.in//HP-255-G9-Notebook-Silver-3050U/dp/B0C8VF4DL5/ref=sr_1_49?crid=3727JAH5BQD82&dib=eyJ2IjoiMSJ9.U3SBgx7zRDIUCkTHJs3x6e9AT7wMIZ4Ka8eOfGvOCOqQCBBnmAXde_STlRAYlaANxAVw-7P_VbjgUj9coSzkA2T7aVj7w8hDOzJiJyIqot2LgUGuUSA2rbVu_zraKxhHkeIny3FlHOXtvf7fw6FkPFwQWVuiJjlBtf17GZ_4Urgupc_HjuE2aSQ3fgqw_S5H86V1VtJZOVi0Wxw9DIn_aRCfVV887wMBcfLPaV89Q-0.UBaGPRUEa6NjMO2ZEHU6uLgW2Sg4Zs4Ay_rVMfDyt8A&dib_tag=se&keywords=laptop&qid=1720784365&sprefix=laptop%2Caps%2C209&sr=8-49
74,"HP Laptop 15s, 12th Gen Intel Core i5-1235U, 15.6-inch (39.6 cm), FHD, 16GB DDR4, 512GB SSD, Intel Iris Xe graphics, 720p HD camera, Backlit KB, Thin & Light (Win 11, Silver, 1.69 kg), fy5009TU  ","52,990",https://amazon.in//HP-i5-1235U-15-6-inch-graphics-fy5009TU/dp/B0D4M66F6R/ref=sr_1_18?crid=3727JAH5BQD82&dib=eyJ2IjoiMSJ9.iUhFWZy7nDKE-Z4z6TlOw1LuiOKyYlsU-aZYs4iUzp0HYBt2dp5HPoozV5JNgHma3Ldu83ul1HwJ6n5wPtDFvQeCM1rKuVP4WqoHlbSPfaWQt6BEysecc_CWuprVw3WKb5OrL5F5aEkwZwriTXceXcYVycTToMSNWgYfcp-DwNtLGIQwzToWfVeKo_SRsFUqaXGUbW2OjeIFl6ignLsBAzc7M02giBlTOm6UlmkR33I.PJs2cR-ZEROey5FSKcn6nD4F7WQZG_f4s4o_mko2fJk&dib_tag=se&keywords=laptop&qid=1720784361&sprefix=laptop%2Caps%2C209&sr=8-18
75,"ASUS Vivobook 16 (2023)Thin & Light Laptop,Intel Core i9-13900H 13th Gen, 16"" (40.64 cm) FHD+(16GB RAM/512GB SSD/Intel Iris Xe/Win 11/Office 2021/Backlit KB/Fingerprint/Black/1.88 kg) X1605VA-MB947WS  ","99,990",https://amazon.in//sspa/click?ie=UTF8&spc=MTozOTAyMjQ1OTI0NDgxOTM6MTcyMDc4NDM2NTpzcF9zZWFyY2hfdGhlbWF0aWM6MzAwMTY2OTQxNTA1ODMyOjowOjo&url=%2FASUS-Vivobook-i9-13900H-Fingerprint-X1605VA-MB947WS%2Fdp%2FB0CHMZRC89%2Fref%3Dsxin_12_pa_sp_search_thematic_sspa%3Fcontent-id%3Damzn1.sym.fc684e65-c18a-4031-9f8d-e6a2af0c8bfb%253Aamzn1.sym.fc684e65-c18a-4031-9f8d-e6a2af0c8bfb%26crid%3D3727JAH5BQD82%26cv_ct_cx%3Dlaptop%26dib%3DeyJ2IjoiMSJ9.tVAq9CtKROUqzzzmVL4eW1Oe0gn4JOvdf5XgzE1BR2KAE2veFLMxBzL3F9DCHpuj8NCU8U8LSqe7l3627W1rWQ.IIz7iqQIlrJrVkFYaWoa14Dz-6kHF4Hhou6zlRe8AJk%26dib_tag%3Dse%26keywords%3Dlaptop%26pd_rd_i%3DB0CHMZRC89%26pd_rd_r%3D02b2f990-eb8a-4c46-a2c4-8b167c336132%26pd_rd_w%3DzbEjy%26pd_rd_wg%3D07YPR%26pf_rd_p%3Dfc684e65-c18a-4031-9f8d-e6a2af0c8bfb%26pf_rd_r%3D6AGYCCRHNGC84RBCGCSN%26qid%3D1720784365%26sbo%3DRZvfv%252F%252FHxDF%252BO5021pAnSA%253D%253D%26sprefix%3Dlaptop%252Caps%252C209%26sr%3D1-33-2ec22325-1003-449d-8aaf-c0bcc24717ae-spons%26sp_csd%3Dd2lkZ2V0TmFtZT1zcF9zZWFyY2hfdGhlbWF0aWM%26psc%3D1
76,"MSI Cyborg 15, Intel 12th Gen. i5-12450H, 40CM FHD 144Hz Gaming Laptop (16GB/512GB NVMe SSD/Windows 11 Home/Nvidia GeForce RTX4050, 6GB GDDR6/Translucent Black/1.98Kg), A12VE-071IN  ","72,990",https://amazon.in//sspa/click?ie=UTF8&spc=MTo1NDUyNzUxOTY3MjYxOTM6MTcyMDc4NDM2ODpzcF9idGY6MzAwMTI4ODA0MDgyOTMyOjowOjo&url=%2FMSI-i5-12450H-Windows-Translucent-A12VE-071IN%2Fdp%2FB0BW9L9NMM%2Fref%3Dsr_1_69_sspa%3Fcrid%3D3727JAH5BQD82%26dib%3DeyJ2IjoiMSJ9.HPq19XTaiqWfTDKytYXOT3BGCOLkOSDKXo25J7VdRRhZL4Qx1MWAGDi7Jd2YaqS85NGuX9Eo2-0jfPFRbGWj6239sau7eWgP0q9lot0Uwc6aElkKxhy7Db-08ND7YC0t4PlWJ5exiLBIJLb3uxMKlaPCJcXWlA9jtZ5GMdoB7MDW_tK0H5Ufbz9b0HdraBz_qMh0ZaSB9cIvENGzSCEuxi22TkYRCBpj5G-9gOs8RzM.JuM7l9N7_LrI4whcs8mDwcd4s6TSo9brr7w-bzuE-dM%26dib_tag%3Dse%26keywords%3Dlaptop%26qid%3D1720784368%26sprefix%3Dlaptop%252Caps%252C209%26sr%3D8-69-spons%26sp_csd%3Dd2lkZ2V0TmFtZT1zcF9idGY%26psc%3D1
77,"Acer [Smartchoice] Aspire Lite AMD Ryzen 3 5300U Premium Thin and Light Laptop (Windows 11 Home/8 GB RAM/512 GB SSD) AL15-41 with 39.62 cm (15.6"") Full HD Display, Metal Body, Steel Gray, 1.6 KG  ","28,990",https://amazon.in//Acer-Smartchoice-Premium-Windows-AL15-41/dp/B0CWTSF1TK/ref=sr_1_14?crid=3727JAH5BQD82&dib=eyJ2IjoiMSJ9.iUhFWZy7nDKE-Z4z6TlOw1LuiOKyYlsU-aZYs4iUzp0HYBt2dp5HPoozV5JNgHma3Ldu83ul1HwJ6n5wPtDFvQeCM1rKuVP4WqoHlbSPfaWQt6BEysecc_CWuprVw3WKb5OrL5F5aEkwZwriTXceXcYVycTToMSNWgYfcp-DwNtLGIQwzToWfVeKo_SRsFUqaXGUbW2OjeIFl6ignLsBAzc7M02giBlTOm6UlmkR33I.PJs2cR-ZEROey5FSKcn6nD4F7WQZG_f4s4o_mko2fJk&dib_tag=se&keywords=laptop&qid=1720784361&sprefix=laptop%2Caps%2C209&sr=8-14
78,"Lenovo IdeaPad Slim 3 13th Gen Intel Core i7-13620H 15"" (38.1cm) FHD IPS 300 Nits Thin & Light Laptop (16GB/512GB SSD/Win 11/Office 2021/Alexa built-in/3 month Game Pass/Grey/1.62Kg), 83EM008GIN  ","61,990",https://amazon.in//Lenovo-IdeaPad-i7-13620H-38-1cm-83EM008GIN/dp/B0D6NCVQZQ/ref=sr_1_29?crid=3727JAH5BQD82&dib=eyJ2IjoiMSJ9.2WcZUDFm5tLAswmDhbhbf7-rSCO7kEimkakfROVrwzxlujMir2RsVIzjR3VoLxV7yWznklGNBO0mJDuDyMrA2e7ObWdStLA_cakkCjME_hXm6VAwgsNmDihm2WmhSVLUplmzo5BQ1IDtWjat2BNzm3cutcsSJNb8DU4tW2V0vRkP3dqjVvGtw8_ub0Nza6z5zMAT-m9Ex2DRf8ENj3LcXSycnuy6tfpljsS8lxzJ8jE.hDJM3VEEa7jglnpnDm06CQkwJsln_aPwzPewBy36cxA&dib_tag=se&keywords=laptop&qid=1720784363&sprefix=laptop%2Caps%2C209&sr=8-29
79,"ASUS Vivobook 14 Thin and Light Laptop, IntelCore i3-1215U 12th Gen, 14"" (35.56 cm) FHD, (8 GB RAM/512GB SSD/Win11/Office 2021/Fingerprint/42WHr /Blue/1.40 kg), X1404ZA-NK321WS  ","37,990",https://amazon.in//sspa/click?ie=UTF8&spc=MTo0ODU2Nzk0NjM2MDc0MTkzOjE3MjA3ODQzNjE6c3Bfc2VhcmNoX3RoZW1hdGljOjMwMDIzMDAxNTA3NjQzMjo6MDo6&url=%2FASUS-Vivobook-IntelCore-Fingerprint-X1404ZA-NK321WS%2Fdp%2FB0CCP9PH92%2Fref%3Dsxin_12_pa_sp_search_thematic_sspa%3Fcontent-id%3Damzn1.sym.85e046b2-1010-4183-b7b7-f25119863240%253Aamzn1.sym.85e046b2-1010-4183-b7b7-f25119863240%26crid%3D3727JAH5BQD82%26cv_ct_cx%3Dlaptop%26dib%3DeyJ2IjoiMSJ9.1oCdQkIDHba2YxvqYpkgihpyKt9dxJYkv86Z2RJWVGBAuJ0k8JM5-OFh1ElVZmQLdin71ioRabez4SkoaCEFgg._hnN_gwBl8NJI2sCloq9h59TgFZz6aXpWZZmqaHwzro%26dib_tag%3Dse%26keywords%3Dlaptop%26pd_rd_i%3DB0CCP9PH92%26pd_rd_r%3Db47bd4ef-c904-40c4-ac01-bdf948afb6c8%26pd_rd_w%3DZByG3%26pd_rd_wg%3DYuGEO%26pf_rd_p%3D85e046b2-1010-4183-b7b7-f25119863240%26pf_rd_r%3D5QCCQ8N17BTX75V0XGC2%26qid%3D1720784361%26sbo%3DRZvfv%252F%252FHxDF%252BO5021pAnSA%253D%253D%26sprefix%3Dlaptop%252Caps%252C209%26sr%3D1-1-ced4eeeb-b190-41d6-902a-1ecb3fb8b7c4-spons%26sp_csd%3Dd2lkZ2V0TmFtZT1zcF9zZWFyY2hfdGhlbWF0aWM%26psc%3D1
80,"Dell 14 Thin & Light Laptop, 12th Gen Intel Core i3-1215U Processor/8GB/512GB SSD/Intel UHD Graphics/14.0""(35.56cm) FHD/Windows 11 + MSO'21/15 Month McAfee/Spill-Resistant Keyboard/Grey/1.48kg  ","34,990",https://amazon.in//Dell-14-Rheinland-Certified-Comfortview/dp/B0BQJ9HZPP/ref=sr_1_9?crid=3727JAH5BQD82&dib=eyJ2IjoiMSJ9.iUhFWZy7nDKE-Z4z6TlOw1LuiOKyYlsU-aZYs4iUzp0HYBt2dp5HPoozV5JNgHma3Ldu83ul1HwJ6n5wPtDFvQeCM1rKuVP4WqoHlbSPfaWQt6BEysecc_CWuprVw3WKb5OrL5F5aEkwZwriTXceXcYVycTToMSNWgYfcp-DwNtLGIQwzToWfVeKo_SRsFUqaXGUbW2OjeIFl6ignLsBAzc7M02giBlTOm6UlmkR33I.PJs2cR-ZEROey5FSKcn6nD4F7WQZG_f4s4o_mko2fJk&dib_tag=se&keywords=laptop&qid=1720784361&sprefix=laptop%2Caps%2C209&sr=8-9
81,"Apple 2023 MacBook Pro (14-inch, M3 Pro chip with 11‑core CPU and 14‑core GPU, 18GB Unified Memory, 512GB) - Space Black  ","1,86,899",https://amazon.in//sspa/click?ie=UTF8&spc=MTozNzczOTg4Mzg4Njg1MTkzOjE3MjA3ODQzNjM6c3BfYnRmOjMwMDA4NTQwMzIxODMzMjo6MDo6&url=%2FApple-MacBook-14-inch-11%25E2%2580%2591core-14%25E2%2580%2591core%2Fdp%2FB0CM5SRXP8%2Fref%3Dsr_1_37_sspa%3Fcrid%3D3727JAH5BQD82%26dib%3DeyJ2IjoiMSJ9.2WcZUDFm5tLAswmDhbhbf7-rSCO7kEimkakfROVrwzxlujMir2RsVIzjR3VoLxV7yWznklGNBO0mJDuDyMrA2e7ObWdStLA_cakkCjME_hXm6VAwgsNmDihm2WmhSVLUplmzo5BQ1IDtWjat2BNzm3cutcsSJNb8DU4tW2V0vRkP3dqjVvGtw8_ub0Nza6z5zMAT-m9Ex2DRf8ENj3LcXSycnuy6tfpljsS8lxzJ8jE.hDJM3VEEa7jglnpnDm06CQkwJsln_aPwzPewBy36cxA%26dib_tag%3Dse%26keywords%3Dlaptop%26qid%3D1720784363%26sprefix%3Dlaptop%252Caps%252C209%26sr%3D8-37-spons%26sp_csd%3Dd2lkZ2V0TmFtZT1zcF9idGY%26psc%3D1
82,"HP Laptop 15, 12th Gen i5-1235U, 15.6-inch (39.6 cm), FHD, Anti-glare, 8GB DDR4, 512GB SSD, Intel Iris Xᶱ Graphics, Backlit Keyboard, Dual Speakers, (Win 11, MSO 2021, Silver, 1.69 kg), 15s-fy5007TU  ","47,999",https://amazon.in//HP-i5-1235U-15-6-inch-Anti-Glare-15s-fy5007TU/dp/B0CJBP38HR/ref=sr_1_19?crid=3727JAH5BQD82&dib=eyJ2IjoiMSJ9.2WcZUDFm5tLAswmDhbhbf7-rSCO7kEimkakfROVrwzxlujMir2RsVIzjR3VoLxV7yWznklGNBO0mJDuDyMrA2e7ObWdStLA_cakkCjME_hXm6VAwgsNmDihm2WmhSVLUplmzo5BQ1IDtWjat2BNzm3cutcsSJNb8DU4tW2V0vRkP3dqjVvGtw8_ub0Nza6z5zMAT-m9Ex2DRf8ENj3LcXSycnuy6tfpljsS8lxzJ8jE.hDJM3VEEa7jglnpnDm06CQkwJsln_aPwzPewBy36cxA&dib_tag=se&keywords=laptop&qid=1720784363&sprefix=laptop%2Caps%2C209&sr=8-19
83,"Lenovo IdeaPad Slim 5 12th Gen Intel Core i5 12450H 14"" (36cm) WUXGA IPS 300Nits Thin and Light Laptop (16GB/1TB SSD/Win 11/Office 21/BacklitKB/FHD Camera/Alexa/3 Mon Game Pass/Grey/1.46Kg),83BF0043IN  ","63,345",https://amazon.in//Lenovo-IdeaPad-300Nits-BacklitKB-83BF0043IN/dp/B0CNK1VTZW/ref=sr_1_54?crid=3727JAH5BQD82&dib=eyJ2IjoiMSJ9.HPq19XTaiqWfTDKytYXOT3BGCOLkOSDKXo25J7VdRRhZL4Qx1MWAGDi7Jd2YaqS85NGuX9Eo2-0jfPFRbGWj6239sau7eWgP0q9lot0Uwc6aElkKxhy7Db-08ND7YC0t4PlWJ5exiLBIJLb3uxMKlaPCJcXWlA9jtZ5GMdoB7MDW_tK0H5Ufbz9b0HdraBz_qMh0ZaSB9cIvENGzSCEuxi22TkYRCBpj5G-9gOs8RzM.JuM7l9N7_LrI4whcs8mDwcd4s6TSo9brr7w-bzuE-dM&dib_tag=se&keywords=laptop&qid=1720784368&sprefix=laptop%2Caps%2C209&sr=8-54
84,"Dell 15 Thin & Light Laptop, Intel Core 13th Generation i5-1334U Processor, 8GB DDR4 & 512GB SSD, 15.6"" (39.62cm) FHD 120Hz 250 nits, Windows 11 + MSO'21 + 15 Month Mcafee, Carbon Black, 1.66kg  ","51,990",https://amazon.in//sspa/click?ie=UTF8&spc=MTozMjQ2NDIyODM0MDkzMTkzOjE3MjA3ODQzNjg6c3Bfc2VhcmNoX3RoZW1hdGljOjMwMDI0NTkwMjcxOTIzMjo6MTo6&url=%2FDell-Generation-i5-1334U-Processor-39-62cm%2Fdp%2FB0D46P4V5V%2Fref%3Dsxin_12_pa_sp_search_thematic_sspa%3Fcontent-id%3Damzn1.sym.fc684e65-c18a-4031-9f8d-e6a2af0c8bfb%253Aamzn1.sym.fc684e65-c18a-4031-9f8d-e6a2af0c8bfb%26crid%3D3727JAH5BQD82%26cv_ct_cx%3Dlaptop%26dib%3DeyJ2IjoiMSJ9.LCzdOUr06JNbenaIUxq0OUYV2rfA0_7lJiGW5kbhevkf5-iqRcDX44GQFtCkhL3cPCxk_AKQPtAsOEaYpDPnow.HleTgBV8QqhKEl2xvFDlz88cimXT7qH5kdeX-RZICig%26dib_tag%3Dse%26keywords%3Dlaptop%26pd_rd_i%3DB0D46P4V5V%26pd_rd_r%3Da62814b0-4323-41e8-9e57-a52dd7cf7cca%26pd_rd_w%3DZyA8h%26pd_rd_wg%3DmxdJM%26pf_rd_p%3Dfc684e65-c18a-4031-9f8d-e6a2af0c8bfb%26pf_rd_r%3DP5B0C4R1YV5RWK41PCGV%26qid%3D1720784368%26sbo%3DRZvfv%252F%252FHxDF%252BO5021pAnSA%253D%253D%26sprefix%3Dlaptop%252Caps%252C209%26sr%3D1-50-2ec22325-1003-449d-8aaf-c0bcc24717ae-spons%26sp_csd%3Dd2lkZ2V0TmFtZT1zcF9zZWFyY2hfdGhlbWF0aWM%26psc%3D1
85,"Lenovo IdeaPad 1 AMD Athlon Silver 7120U 15.6"" HD Thin and Light Laptop (8GB/512GB SDD/Windows 11 Home/1Year Warranty/MS Office/Cloud Grey/1.58Kg), 82VG00EQIN  ","28,990",https://amazon.in//Lenovo-IdeaPad-Windows-Warranty-82VG00EQIN/dp/B0CN18M8CM/ref=sr_1_42?crid=3727JAH5BQD82&dib=eyJ2IjoiMSJ9.U3SBgx7zRDIUCkTHJs3x6e9AT7wMIZ4Ka8eOfGvOCOqQCBBnmAXde_STlRAYlaANxAVw-7P_VbjgUj9coSzkA2T7aVj7w8hDOzJiJyIqot2LgUGuUSA2rbVu_zraKxhHkeIny3FlHOXtvf7fw6FkPFwQWVuiJjlBtf17GZ_4Urgupc_HjuE2aSQ3fgqw_S5H86V1VtJZOVi0Wxw9DIn_aRCfVV887wMBcfLPaV89Q-0.UBaGPRUEa6NjMO2ZEHU6uLgW2Sg4Zs4Ay_rVMfDyt8A&dib_tag=se&keywords=laptop&qid=1720784365&sprefix=laptop%2Caps%2C209&sr=8-42
86,"Lenovo ThinkBook 16 G6 Ryzen 5 16"" WUXGA IPS Antiglare 300 Nits Thin and Light Laptop (16GB RAM/512GB SSD/Windows 11 Home/FPR/Arctic Grey/1 Year Onsite/1.7 kg), 21KKA07RIN  ","42,990",https://amazon.in//Lenovo-ThinkBook-Antiglare-Windows-21KKA07RIN/dp/B0CZ7DNGZH/ref=sr_1_33?crid=3727JAH5BQD82&dib=eyJ2IjoiMSJ9.2WcZUDFm5tLAswmDhbhbf7-rSCO7kEimkakfROVrwzxlujMir2RsVIzjR3VoLxV7yWznklGNBO0mJDuDyMrA2e7ObWdStLA_cakkCjME_hXm6VAwgsNmDihm2WmhSVLUplmzo5BQ1IDtWjat2BNzm3cutcsSJNb8DU4tW2V0vRkP3dqjVvGtw8_ub0Nza6z5zMAT-m9Ex2DRf8ENj3LcXSycnuy6tfpljsS8lxzJ8jE.hDJM3VEEa7jglnpnDm06CQkwJsln_aPwzPewBy36cxA&dib_tag=se&keywords=laptop&qid=1720784363&sprefix=laptop%2Caps%2C209&sr=8-33
87,"HP Victus Gaming Laptop, 12th Gen Intel Core i5-12450H,4GB RTX 2050 GPU,15.6-inch(39.6 cm),FHD,IPS,144Hz,16GB DDR4,512GB SSD,Backlit KB,MSO,B&O,9ms response time(Blue, 2.29 kg),fa1373TX/fa1227TX  ","58,447",https://amazon.in//sspa/click?ie=UTF8&spc=MTo0ODU2Nzk0NjM2MDc0MTkzOjE3MjA3ODQzNjE6c3Bfc2VhcmNoX3RoZW1hdGljOjMwMDI1MTA3ODQzNjUzMjo6NDo6&url=%2FHP-i5-12450H-15-6-inch-response-fa1373TX%2Fdp%2FB0D2DDJ6PJ%2Fref%3Dsxin_12_pa_sp_search_thematic_sspa%3Fcontent-id%3Damzn1.sym.85e046b2-1010-4183-b7b7-f25119863240%253Aamzn1.sym.85e046b2-1010-4183-b7b7-f25119863240%26crid%3D3727JAH5BQD82%26cv_ct_cx%3Dlaptop%26dib%3DeyJ2IjoiMSJ9.1oCdQkIDHba2YxvqYpkgihpyKt9dxJYkv86Z2RJWVGBAuJ0k8JM5-OFh1ElVZmQLdin71ioRabez4SkoaCEFgg._hnN_gwBl8NJI2sCloq9h59TgFZz6aXpWZZmqaHwzro%26dib_tag%3Dse%26keywords%3Dlaptop%26pd_rd_i%3DB0D2DDJ6PJ%26pd_rd_r%3Db47bd4ef-c904-40c4-ac01-bdf948afb6c8%26pd_rd_w%3DZByG3%26pd_rd_wg%3DYuGEO%26pf_rd_p%3D85e046b2-1010-4183-b7b7-f25119863240%26pf_rd_r%3D5QCCQ8N17BTX75V0XGC2%26qid%3D1720784361%26sbo%3DRZvfv%252F%252FHxDF%252BO5021pAnSA%253D%253D%26sprefix%3Dlaptop%252Caps%252C209%26sr%3D1-5-ced4eeeb-b190-41d6-902a-1ecb3fb8b7c4-spons%26sp_csd%3Dd2lkZ2V0TmFtZT1zcF9zZWFyY2hfdGhlbWF0aWM%26psc%3D1
88,"HP 15s-Ryzen 3 3250U 8GB SDRAM/256GB SSD 15.6inch(39.6cm) HD, Micro-Edge Laptop/AMD Radeon Graphics/Dual Speakers/Win 11 Home/MS Office/Fast Charge/Jet Black/1.69Kg, 15s-ey1508AU  ","27,990",https://amazon.in//HP-15s-Ryzen-15-6inch-Micro-Edge-15s-ey1508AU/dp/B0BJ2LZXD9/ref=sr_1_64?crid=3727JAH5BQD82&dib=eyJ2IjoiMSJ9.HPq19XTaiqWfTDKytYXOT3BGCOLkOSDKXo25J7VdRRhZL4Qx1MWAGDi7Jd2YaqS85NGuX9Eo2-0jfPFRbGWj6239sau7eWgP0q9lot0Uwc6aElkKxhy7Db-08ND7YC0t4PlWJ5exiLBIJLb3uxMKlaPCJcXWlA9jtZ5GMdoB7MDW_tK0H5Ufbz9b0HdraBz_qMh0ZaSB9cIvENGzSCEuxi22TkYRCBpj5G-9gOs8RzM.JuM7l9N7_LrI4whcs8mDwcd4s6TSo9brr7w-bzuE-dM&dib_tag=se&keywords=laptop&qid=1720784368&sprefix=laptop%2Caps%2C209&sr=8-64
89,"MSI Crosshair 16 HX, Intel 14th Gen. i7-14700HX, 41CM QHD+ 240Hz Gaming Laptop(16GB/1TB NVMe SSD/Windows 11 Home/NVIDIA GeForce RTX 4060, GDDR6 8GB /Cosmos Gray/2.5Kg), D14VFKG-206IN  ","1,48,046",https://amazon.in//sspa/click?ie=UTF8&spc=MTo0Mjc5NDM3MTcxNzIzMTkzOjE3MjA3ODQzNjE6c3BfYnRmOjMwMDI0NjEwNzI2MzgzMjo6MDo6&url=%2FMSI-Crosshair-16-i7-14700HX-D14VFKG-206IN%2Fdp%2FB0CVL5JLH3%2Fref%3Dsr_1_21_sspa%3Fcrid%3D3727JAH5BQD82%26dib%3DeyJ2IjoiMSJ9.iUhFWZy7nDKE-Z4z6TlOw1LuiOKyYlsU-aZYs4iUzp0HYBt2dp5HPoozV5JNgHma3Ldu83ul1HwJ6n5wPtDFvQeCM1rKuVP4WqoHlbSPfaWQt6BEysecc_CWuprVw3WKb5OrL5F5aEkwZwriTXceXcYVycTToMSNWgYfcp-DwNtLGIQwzToWfVeKo_SRsFUqaXGUbW2OjeIFl6ignLsBAzc7M02giBlTOm6UlmkR33I.PJs2cR-ZEROey5FSKcn6nD4F7WQZG_f4s4o_mko2fJk%26dib_tag%3Dse%26keywords%3Dlaptop%26qid%3D1720784361%26sprefix%3Dlaptop%252Caps%252C209%26sr%3D8-21-spons%26sp_csd%3Dd2lkZ2V0TmFtZT1zcF9idGY%26psc%3D1
90,"ASUS Vivobook 14, IntelCore i3-1215U 12th Gen, 14"" (35.56 cm) FHD, Thin and Light Laptop (8 GB RAM/512GB SSD/Win11/Office 2021/Fingerprint/42WHr /Silver/1.40 kg), X1404ZA-NK322WS  ","37,990",https://amazon.in//ASUS-Vivobook-IntelCore-Fingerprint-X1404ZA-NK322WS/dp/B0CCPBPYSB/ref=sr_1_46?crid=3727JAH5BQD82&dib=eyJ2IjoiMSJ9.U3SBgx7zRDIUCkTHJs3x6e9AT7wMIZ4Ka8eOfGvOCOqQCBBnmAXde_STlRAYlaANxAVw-7P_VbjgUj9coSzkA2T7aVj7w8hDOzJiJyIqot2LgUGuUSA2rbVu_zraKxhHkeIny3FlHOXtvf7fw6FkPFwQWVuiJjlBtf17GZ_4Urgupc_HjuE2aSQ3fgqw_S5H86V1VtJZOVi0Wxw9DIn_aRCfVV887wMBcfLPaV89Q-0.UBaGPRUEa6NjMO2ZEHU6uLgW2Sg4Zs4Ay_rVMfDyt8A&dib_tag=se&keywords=laptop&qid=1720784365&sprefix=laptop%2Caps%2C209&sr=8-46
91,"Dell 15 Thin & Light Laptop, Intel Core 13th Generation i5-1334U Processor, 16GB DDR4 & 512GB SSD, 15.6"" (39.62cm) FHD 120Hz 250 nits, Windows 11 + MSO'21 + 15 Month Mcafee, Carbon Black, 1.66kg  ","56,100",https://amazon.in//Dell-Generation-i5-1334U-Processor-39-62cm/dp/B0D46QQHW6/ref=sr_1_38?crid=3727JAH5BQD82&dib=eyJ2IjoiMSJ9.U3SBgx7zRDIUCkTHJs3x6e9AT7wMIZ4Ka8eOfGvOCOqQCBBnmAXde_STlRAYlaANxAVw-7P_VbjgUj9coSzkA2T7aVj7w8hDOzJiJyIqot2LgUGuUSA2rbVu_zraKxhHkeIny3FlHOXtvf7fw6FkPFwQWVuiJjlBtf17GZ_4Urgupc_HjuE2aSQ3fgqw_S5H86V1VtJZOVi0Wxw9DIn_aRCfVV887wMBcfLPaV89Q-0.UBaGPRUEa6NjMO2ZEHU6uLgW2Sg4Zs4Ay_rVMfDyt8A&dib_tag=se&keywords=laptop&qid=1720784365&sprefix=laptop%2Caps%2C209&sr=8-38
92,"ASUS Vivobook S 15 OLED (2023), Intel Core EVO i9-13900H 13th Gen, 15.6"" (39.62 cm) 2.8K 120Hz OLED, Thin & Light Laptop (16GB/1TB SSD/Iris Xe/Win 11/Office 2021/75WHr/Silver/1.7 kg) S5504VA-MA953WS  ","1,14,990",https://amazon.in//sspa/click?ie=UTF8&spc=MTo4MTkxMjQ3MzU1NzY3MTkzOjE3MjA3ODQzNjM6c3Bfc2VhcmNoX3RoZW1hdGljOjMwMDI1MTI3ODM3NTAzMjo6MTo6&url=%2FASUS-Vivobook-i9-13900H-Laptop-S5504VA-MA953WS%2Fdp%2FB0C1GG71Y6%2Fref%3Dsxin_12_pa_sp_search_thematic_sspa%3Fcontent-id%3Damzn1.sym.fc684e65-c18a-4031-9f8d-e6a2af0c8bfb%253Aamzn1.sym.fc684e65-c18a-4031-9f8d-e6a2af0c8bfb%26crid%3D3727JAH5BQD82%26cv_ct_cx%3Dlaptop%26dib%3DeyJ2IjoiMSJ9.ScqWG1aXA6y5O0pUrHFmBo2H-oPTYKaLb3L0vsffblSUk0MOLZGB721DOf1xqLKAlL7_tD3Pk1qr_YoTG2dADA.wUT8PHkjot2JFIaAfg8PSXUg1ILqFHFIfLbdyl3yL_o%26dib_tag%3Dse%26keywords%3Dlaptop%26pd_rd_i%3DB0C1GG71Y6%26pd_rd_r%3D0b9372ed-5632-460d-8494-717ad5c826de%26pd_rd_w%3D9eued%26pd_rd_wg%3DCPZ2M%26pf_rd_p%3Dfc684e65-c18a-4031-9f8d-e6a2af0c8bfb%26pf_rd_r%3DQMZ1W1EQSW72P8BH191N%26qid%3D1720784363%26sbo%3DRZvfv%252F%252FHxDF%252BO5021pAnSA%253D%253D%26sprefix%3Dlaptop%252Caps%252C209%26sr%3D1-18-2ec22325-1003-449d-8aaf-c0bcc24717ae-spons%26sp_csd%3Dd2lkZ2V0TmFtZT1zcF9zZWFyY2hfdGhlbWF0aWM%26psc%3D1
93,"ASUS Vivobook 14, IntelCore i3-1215U 12th Gen, 14"" (35.56 cm) FHD, Thin and Light Laptop (8 GB RAM/512GB SSD/Win11/Office 2021/Fingerprint/42WHr /Silver/1.40 kg), X1404ZA-NK322WS  ","37,990",https://amazon.in//sspa/click?ie=UTF8&spc=MTo4MTkxMjQ3MzU1NzY3MTkzOjE3MjA3ODQzNjM6c3Bfc2VhcmNoX3RoZW1hdGljOjMwMDIzMDAxNTA3NjUzMjo6MDo6&url=%2FASUS-Vivobook-IntelCore-Fingerprint-X1404ZA-NK322WS%2Fdp%2FB0CCPBPYSB%2Fref%3Dsxin_12_pa_sp_search_thematic_sspa%3Fcontent-id%3Damzn1.sym.fc684e65-c18a-4031-9f8d-e6a2af0c8bfb%253Aamzn1.sym.fc684e65-c18a-4031-9f8d-e6a2af0c8bfb%26crid%3D3727JAH5BQD82%26cv_ct_cx%3Dlaptop%26dib%3DeyJ2IjoiMSJ9.ScqWG1aXA6y5O0pUrHFmBo2H-oPTYKaLb3L0vsffblSUk0MOLZGB721DOf1xqLKAlL7_tD3Pk1qr_YoTG2dADA.wUT8PHkjot2JFIaAfg8PSXUg1ILqFHFIfLbdyl3yL_o%26dib_tag%3Dse%26keywords%3Dlaptop%26pd_rd_i%3DB0CCPBPYSB%26pd_rd_r%3D0b9372ed-5632-460d-8494-717ad5c826de%26pd_rd_w%3D9eued%26pd_rd_wg%3DCPZ2M%26pf_rd_p%3Dfc684e65-c18a-4031-9f8d-e6a2af0c8bfb%26pf_rd_r%3DQMZ1W1EQSW72P8BH191N%26qid%3D1720784363%26sbo%3DRZvfv%252F%252FHxDF%252BO5021pAnSA%253D%253D%26sprefix%3Dlaptop%252Caps%252C209%26sr%3D1-17-2ec22325-1003-449d-8aaf-c0bcc24717ae-spons%26sp_csd%3Dd2lkZ2V0TmFtZT1zcF9zZWFyY2hfdGhlbWF0aWM%26psc%3D1
94,"Dell 14 Thin & Light Laptop, AMD Ryzen R5-5500U/ 8GB DDR4 2400 MHz/ 512GB/ 14.0"" (35.56cm) FHD Display + Comfort View/Windows 11 + MSO'21/15 Month McAfee/Spill-Resistant Keyboard/Carbon Black/ 1.48kg  ","34,990",https://amazon.in//Dell-R5-5500U-35-56cm-Spill-Resistant-Keyboard/dp/B0CLH81BGH/ref=sr_1_39?crid=3727JAH5BQD82&dib=eyJ2IjoiMSJ9.U3SBgx7zRDIUCkTHJs3x6e9AT7wMIZ4Ka8eOfGvOCOqQCBBnmAXde_STlRAYlaANxAVw-7P_VbjgUj9coSzkA2T7aVj7w8hDOzJiJyIqot2LgUGuUSA2rbVu_zraKxhHkeIny3FlHOXtvf7fw6FkPFwQWVuiJjlBtf17GZ_4Urgupc_HjuE2aSQ3fgqw_S5H86V1VtJZOVi0Wxw9DIn_aRCfVV887wMBcfLPaV89Q-0.UBaGPRUEa6NjMO2ZEHU6uLgW2Sg4Zs4Ay_rVMfDyt8A&dib_tag=se&keywords=laptop&qid=1720784365&sprefix=laptop%2Caps%2C209&sr=8-39
95,"MSI Thin 15, Intel Core i5-12450H, 40CM FHD 144Hz Gaming Laptop(16GB/512GB NVMe SSD/Windows 11 Home/NVIDIA GeForce RTX 2050, Cosmos Gray/1.86Kg), B12UCX-1695IN  ","52,990",https://amazon.in//MSI-i5-12450H-Windows-GeForce-B12UCX-1695IN/dp/B0CV9S9VTD/ref=sr_1_47?crid=3727JAH5BQD82&dib=eyJ2IjoiMSJ9.U3SBgx7zRDIUCkTHJs3x6e9AT7wMIZ4Ka8eOfGvOCOqQCBBnmAXde_STlRAYlaANxAVw-7P_VbjgUj9coSzkA2T7aVj7w8hDOzJiJyIqot2LgUGuUSA2rbVu_zraKxhHkeIny3FlHOXtvf7fw6FkPFwQWVuiJjlBtf17GZ_4Urgupc_HjuE2aSQ3fgqw_S5H86V1VtJZOVi0Wxw9DIn_aRCfVV887wMBcfLPaV89Q-0.UBaGPRUEa6NjMO2ZEHU6uLgW2Sg4Zs4Ay_rVMfDyt8A&dib_tag=se&keywords=laptop&qid=1720784365&sprefix=laptop%2Caps%2C209&sr=8-47
96,"Chuwi HeroBook Pro 14.1'' Intel Celeron N4020 Laptop with 8GB RAM, 256GB SSD, Windows 11, 1TB Expand, FHD IPS, Ultra Slim, USB3.0, Mini-HDMI, Webcam  ","16,990",https://amazon.in//Chuwi-HeroBook-Pro-Celeron-Mini-HDMI/dp/B00OKAFZHO/ref=sr_1_20?crid=3727JAH5BQD82&dib=eyJ2IjoiMSJ9.iUhFWZy7nDKE-Z4z6TlOw1LuiOKyYlsU-aZYs4iUzp0HYBt2dp5HPoozV5JNgHma3Ldu83ul1HwJ6n5wPtDFvQeCM1rKuVP4WqoHlbSPfaWQt6BEysecc_CWuprVw3WKb5OrL5F5aEkwZwriTXceXcYVycTToMSNWgYfcp-DwNtLGIQwzToWfVeKo_SRsFUqaXGUbW2OjeIFl6ignLsBAzc7M02giBlTOm6UlmkR33I.PJs2cR-ZEROey5FSKcn6nD4F7WQZG_f4s4o_mko2fJk&dib_tag=se&keywords=laptop&qid=1720784361&sprefix=laptop%2Caps%2C209&sr=8-20
97,"ASUS Vivobook 16, Intel®Core™ i3-1215U 12th Gen, 16-inch (40.64 cm) FHD+, Thin and Light Laptop (8 GB RAM/512GB SSD/Win11/FingerPrint/Black/1.88kg), X1605ZAB-MB322WS  ","39,990",https://amazon.in//ASUS-Vivobook-Intel%C2%AECoreTM-FingerPrint-X1605ZAB-MB322WS/dp/B0CFVYSZFG/ref=sr_1_63?crid=3727JAH5BQD82&dib=eyJ2IjoiMSJ9.HPq19XTaiqWfTDKytYXOT3BGCOLkOSDKXo25J7VdRRhZL4Qx1MWAGDi7Jd2YaqS85NGuX9Eo2-0jfPFRbGWj6239sau7eWgP0q9lot0Uwc6aElkKxhy7Db-08ND7YC0t4PlWJ5exiLBIJLb3uxMKlaPCJcXWlA9jtZ5GMdoB7MDW_tK0H5Ufbz9b0HdraBz_qMh0ZaSB9cIvENGzSCEuxi22TkYRCBpj5G-9gOs8RzM.JuM7l9N7_LrI4whcs8mDwcd4s6TSo9brr7w-bzuE-dM&dib_tag=se&keywords=laptop&qid=1720784368&sprefix=laptop%2Caps%2C209&sr=8-63
98,"Lenovo [Smartchoice] LOQ 12th Gen Intel Core i5-12450HX /39.6cm/ 144Hz 300Nits FHD Gaming Laptop (16GB/512GB SSD/Win 11/ RTX 3050 6GB Graphics/100% sRGB/MSO 21/3 Mon Game Pass/Grey/2.4Kg), 83GS003UIN  ","67,990",https://amazon.in//sspa/click?ie=UTF8&spc=MTo0ODU2Nzk0NjM2MDc0MTkzOjE3MjA3ODQzNjE6c3Bfc2VhcmNoX3RoZW1hdGljOjMwMDI1MTA3ODQzNjQzMjo6Mzo6&url=%2FLenovo-Smartchoice-i5-12450HX-Graphics-83GS003UIN%2Fdp%2FB0CX8XPKWJ%2Fref%3Dsxin_12_pa_sp_search_thematic_sspa%3Fcontent-id%3Damzn1.sym.85e046b2-1010-4183-b7b7-f25119863240%253Aamzn1.sym.85e046b2-1010-4183-b7b7-f25119863240%26crid%3D3727JAH5BQD82%26cv_ct_cx%3Dlaptop%26dib%3DeyJ2IjoiMSJ9.1oCdQkIDHba2YxvqYpkgihpyKt9dxJYkv86Z2RJWVGBAuJ0k8JM5-OFh1ElVZmQLdin71ioRabez4SkoaCEFgg._hnN_gwBl8NJI2sCloq9h59TgFZz6aXpWZZmqaHwzro%26dib_tag%3Dse%26keywords%3Dlaptop%26pd_rd_i%3DB0CX8XPKWJ%26pd_rd_r%3Db47bd4ef-c904-40c4-ac01-bdf948afb6c8%26pd_rd_w%3DZByG3%26pd_rd_wg%3DYuGEO%26pf_rd_p%3D85e046b2-1010-4183-b7b7-f25119863240%26pf_rd_r%3D5QCCQ8N17BTX75V0XGC2%26qid%3D1720784361%26sbo%3DRZvfv%252F%252FHxDF%252BO5021pAnSA%253D%253D%26sprefix%3Dlaptop%252Caps%252C209%26sr%3D1-4-ced4eeeb-b190-41d6-902a-1ecb3fb8b7c4-spons%26sp_csd%3Dd2lkZ2V0TmFtZT1zcF9zZWFyY2hfdGhlbWF0aWM%26psc%3D1
99,"Acer One 14 Business Laptop AMD Ryzen 3 3250U Processor (8GB RAM/256GB SSD/AMD Radeon Graphics/Windows 11 Home) Z2-493 with 35.56 cm (14.0"") HD Display  ","24,990",https://amazon.in//Acer-Business-Processor-Graphics-Z2-493/dp/B0B42QJMJP/ref=sr_1_34?crid=3727JAH5BQD82&dib=eyJ2IjoiMSJ9.2WcZUDFm5tLAswmDhbhbf7-rSCO7kEimkakfROVrwzxlujMir2RsVIzjR3VoLxV7yWznklGNBO0mJDuDyMrA2e7ObWdStLA_cakkCjME_hXm6VAwgsNmDihm2WmhSVLUplmzo5BQ1IDtWjat2BNzm3cutcsSJNb8DU4tW2V0vRkP3dqjVvGtw8_ub0Nza6z5zMAT-m9Ex2DRf8ENj3LcXSycnuy6tfpljsS8lxzJ8jE.hDJM3VEEa7jglnpnDm06CQkwJsln_aPwzPewBy36cxA&dib_tag=se&keywords=laptop&qid=1720784363&sprefix=laptop%2Caps%2C209&sr=8-34
100,"ASUS Vivobook Go 15 (2023), AMD Ryzen 5 7520U, 15.6"" (39.62 cm) FHD, Thin & Light Laptop (16GB/512GB SSD/Windows 11/Office 2021/Alexa Built-in/Mixed Black/1.63 kg), E1504FA-NJ542WS  ","47,990",https://amazon.in//sspa/click?ie=UTF8&spc=MTozMjQ2NDIyODM0MDkzMTkzOjE3MjA3ODQzNjg6c3Bfc2VhcmNoX3RoZW1hdGljOjMwMDI0ODE1Mzk1NDAzMjo6MDo6&url=%2FASUS-Vivobook-Laptop-Windows-E1504FA-NJ542WS%2Fdp%2FB0BTWF2BQX%2Fref%3Dsxin_12_pa_sp_search_thematic_sspa%3Fcontent-id%3Damzn1.sym.fc684e65-c18a-4031-9f8d-e6a2af0c8bfb%253Aamzn1.sym.fc684e65-c18a-4031-9f8d-e6a2af0c8bfb%26crid%3D3727JAH5BQD82%26cv_ct_cx%3Dlaptop%26dib%3DeyJ2IjoiMSJ9.LCzdOUr06JNbenaIUxq0OUYV2rfA0_7lJiGW5kbhevkf5-iqRcDX44GQFtCkhL3cPCxk_AKQPtAsOEaYpDPnow.HleTgBV8QqhKEl2xvFDlz88cimXT7qH5kdeX-RZICig%26dib_tag%3Dse%26keywords%3Dlaptop%26pd_rd_i%3DB0BTWF2BQX%26pd_rd_r%3Da62814b0-4323-41e8-9e57-a52dd7cf7cca%26pd_rd_w%3DZyA8h%26pd_rd_wg%3DmxdJM%26pf_rd_p%3Dfc684e65-c18a-4031-9f8d-e6a2af0c8bfb%26pf_rd_r%3DP5B0C4R1YV5RWK41PCGV%26qid%3D1720784368%26sbo%3DRZvfv%252F%252FHxDF%252BO5021pAnSA%253D%253D%26sprefix%3Dlaptop%252Caps%252C209%26sr%3D1-49-2ec22325-1003-449d-8aaf-c0bcc24717ae-spons%26sp_csd%3Dd2lkZ2V0TmFtZT1zcF9zZWFyY2hfdGhlbWF0aWM%26psc%3D1
101,"MSI Thin 15, Intel Core i7-12650H, 40CM FHD 144Hz Gaming Laptop(16GB/512GB NVMe SSD/Windows 11 Home/NVIDIA GeForce RTX 3050, Cosmos Gray/1.86Kg), B12UC-1691IN  ","76,990",https://amazon.in//sspa/click?ie=UTF8&spc=MTo1MDI5Njk2OTM2MTQ2MTkzOjE3MjA3ODQzNjU6c3BfbXRmOjMwMDI0NjA4OTY2MDgzMjo6MDo6&url=%2FMSI-i7-12650H-Windows-GeForce-B12UC-1691IN%2Fdp%2FB0CV9J1QSJ%2Fref%3Dsr_1_43_sspa%3Fcrid%3D3727JAH5BQD82%26dib%3DeyJ2IjoiMSJ9.U3SBgx7zRDIUCkTHJs3x6e9AT7wMIZ4Ka8eOfGvOCOqQCBBnmAXde_STlRAYlaANxAVw-7P_VbjgUj9coSzkA2T7aVj7w8hDOzJiJyIqot2LgUGuUSA2rbVu_zraKxhHkeIny3FlHOXtvf7fw6FkPFwQWVuiJjlBtf17GZ_4Urgupc_HjuE2aSQ3fgqw_S5H86V1VtJZOVi0Wxw9DIn_aRCfVV887wMBcfLPaV89Q-0.UBaGPRUEa6NjMO2ZEHU6uLgW2Sg4Zs4Ay_rVMfDyt8A%26dib_tag%3Dse%26keywords%3Dlaptop%26qid%3D1720784365%26sprefix%3Dlaptop%252Caps%252C209%26sr%3D8-43-spons%26sp_csd%3Dd2lkZ2V0TmFtZT1zcF9tdGY%26psc%3D1
102,"HP Victus Gaming Laptop, 12th Gen Intel Core i7-12650H, 6GB RTX 4050 GPU, 15.6-inch (39.6 cm), 75W TGP, FHD, IPS, 144Hz, 16GB DDR4, 512GB SSD, Backlit KB, B&O (Win 11, MSO, Silver, 2.37 kg), fa1134TX  ","89,990",https://amazon.in//sspa/click?ie=UTF8&spc=MTozMjQ2NDIyODM0MDkzMTkzOjE3MjA3ODQzNjg6c3Bfc2VhcmNoX3RoZW1hdGljOjMwMDI1MTA3ODQzNzIzMjo6NDo6&url=%2FHP-i7-12650H-15-6-inch-Backlit-fa1134TX%2Fdp%2FB0CJYCKLZ8%2Fref%3Dsxin_12_pa_sp_search_thematic_sspa%3Fcontent-id%3Damzn1.sym.fc684e65-c18a-4031-9f8d-e6a2af0c8bfb%253Aamzn1.sym.fc684e65-c18a-4031-9f8d-e6a2af0c8bfb%26crid%3D3727JAH5BQD82%26cv_ct_cx%3Dlaptop%26dib%3DeyJ2IjoiMSJ9.LCzdOUr06JNbenaIUxq0OUYV2rfA0_7lJiGW5kbhevkf5-iqRcDX44GQFtCkhL3cPCxk_AKQPtAsOEaYpDPnow.HleTgBV8QqhKEl2xvFDlz88cimXT7qH5kdeX-RZICig%26dib_tag%3Dse%26keywords%3Dlaptop%26pd_rd_i%3DB0CJYCKLZ8%26pd_rd_r%3Da62814b0-4323-41e8-9e57-a52dd7cf7cca%26pd_rd_w%3DZyA8h%26pd_rd_wg%3DmxdJM%26pf_rd_p%3Dfc684e65-c18a-4031-9f8d-e6a2af0c8bfb%26pf_rd_r%3DP5B0C4R1YV5RWK41PCGV%26qid%3D1720784368%26sbo%3DRZvfv%252F%252FHxDF%252BO5021pAnSA%253D%253D%26sprefix%3Dlaptop%252Caps%252C209%26sr%3D1-53-2ec22325-1003-449d-8aaf-c0bcc24717ae-spons%26sp_csd%3Dd2lkZ2V0TmFtZT1zcF9zZWFyY2hfdGhlbWF0aWM%26psc%3D1
103,"MSI Thin 15, Intel Core i5-12450H, 40CM FHD 144Hz Gaming Laptop(16GB/512GB NVMe SSD/Windows 11 Home/NVIDIA GeForce RTX 2050, Cosmos Gray/1.86Kg), B12UCX-1695IN  ","52,990",https://amazon.in//sspa/click?ie=UTF8&spc=MTozNzczOTg4Mzg4Njg1MTkzOjE3MjA3ODQzNjM6c3BfYXRmX25leHQ6MzAwMjQ2MDg5NjYxMTMyOjowOjo&url=%2FMSI-i5-12450H-Windows-GeForce-B12UCX-1695IN%2Fdp%2FB0CV9S9VTD%2Fref%3Dsr_1_18_sspa%3Fcrid%3D3727JAH5BQD82%26dib%3DeyJ2IjoiMSJ9.2WcZUDFm5tLAswmDhbhbf7-rSCO7kEimkakfROVrwzxlujMir2RsVIzjR3VoLxV7yWznklGNBO0mJDuDyMrA2e7ObWdStLA_cakkCjME_hXm6VAwgsNmDihm2WmhSVLUplmzo5BQ1IDtWjat2BNzm3cutcsSJNb8DU4tW2V0vRkP3dqjVvGtw8_ub0Nza6z5zMAT-m9Ex2DRf8ENj3LcXSycnuy6tfpljsS8lxzJ8jE.hDJM3VEEa7jglnpnDm06CQkwJsln_aPwzPewBy36cxA%26dib_tag%3Dse%26keywords%3Dlaptop%26qid%3D1720784363%26sprefix%3Dlaptop%252Caps%252C209%26sr%3D8-18-spons%26sp_csd%3Dd2lkZ2V0TmFtZT1zcF9hdGZfbmV4dA%26psc%3D1
104,"Lenovo IdeaPad Slim 1 AMD Ryzen 5 5500U 15.6"" HD Thin and Light Laptop (16GB/512GB SSD/Windows 11 Home/MS Office 2021/1Yr ADP Free/Cloud Grey/1.61Kg), 82R400ERIN  ","38,990",https://amazon.in//sspa/click?ie=UTF8&spc=MTozNzczOTg4Mzg4Njg1MTkzOjE3MjA3ODQzNjM6c3BfYnRmOjMwMDEwNDYwMzQ5NzQzMjo6MDo6&url=%2FLenovo-IdeaPad-Laptop-Windows-82R400ERIN%2Fdp%2FB0CP2KRYLM%2Fref%3Dsr_1_38_sspa%3Fcrid%3D3727JAH5BQD82%26dib%3DeyJ2IjoiMSJ9.2WcZUDFm5tLAswmDhbhbf7-rSCO7kEimkakfROVrwzxlujMir2RsVIzjR3VoLxV7yWznklGNBO0mJDuDyMrA2e7ObWdStLA_cakkCjME_hXm6VAwgsNmDihm2WmhSVLUplmzo5BQ1IDtWjat2BNzm3cutcsSJNb8DU4tW2V0vRkP3dqjVvGtw8_ub0Nza6z5zMAT-m9Ex2DRf8ENj3LcXSycnuy6tfpljsS8lxzJ8jE.hDJM3VEEa7jglnpnDm06CQkwJsln_aPwzPewBy36cxA%26dib_tag%3Dse%26keywords%3Dlaptop%26qid%3D1720784363%26sprefix%3Dlaptop%252Caps%252C209%26sr%3D8-38-spons%26sp_csd%3Dd2lkZ2V0TmFtZT1zcF9idGY%26psc%3D1
105,"HP Laptop 15s, 12th Gen Intel Core i5-1235U, 15.6-inch (39.6 cm), FHD, 16GB DDR4, 512GB SSD, Intel Iris Xe graphics, Backlit KB,MSO,Thin & Light, Dual speakers (Win 11, Silver, 1.69 kg), fq5330TU  ","52,025",https://amazon.in//HP-i5-1235U-15-6-inch-graphics-speakers/dp/B0CTKHTNWL/ref=sr_1_8?crid=3727JAH5BQD82&dib=eyJ2IjoiMSJ9.iUhFWZy7nDKE-Z4z6TlOw1LuiOKyYlsU-aZYs4iUzp0HYBt2dp5HPoozV5JNgHma3Ldu83ul1HwJ6n5wPtDFvQeCM1rKuVP4WqoHlbSPfaWQt6BEysecc_CWuprVw3WKb5OrL5F5aEkwZwriTXceXcYVycTToMSNWgYfcp-DwNtLGIQwzToWfVeKo_SRsFUqaXGUbW2OjeIFl6ignLsBAzc7M02giBlTOm6UlmkR33I.PJs2cR-ZEROey5FSKcn6nD4F7WQZG_f4s4o_mko2fJk&dib_tag=se&keywords=laptop&qid=1720784361&sprefix=laptop%2Caps%2C209&sr=8-8
106,"
HP Laptop 15s, AMD Ryzen 3 5300U, 15.6-inch (39.6 cm), FHD,
                    8GB DDR4, 512GB SSD, AMD Radeon graphics, Thin & light,
                    Dual speakers (Win 11, MSO 2019, Silver, 1.69 kg),
                    eq2143AU

","31,990",https://amazon.in//HP-15-6inch-Micro-Edge-Anti-Glare-15s-Eq2143au/dp/B09R1MMMTH/ref=sr_1_5?crid=3727JAH5BQD82&dib=eyJ2IjoiMSJ9.iUhFWZy7nDKE-Z4z6TlOw1LuiOKyYlsU-aZYs4iUzp0HYBt2dp5HPoozV5JNgHma3Ldu83ul1HwJ6n5wPtDFvQeCM1rKuVP4WqoHlbSPfaWQt6BEysecc_CWuprVw3WKb5OrL5F5aEkwZwriTXceXcYVycTToMSNWgYfcp-DwNtLGIQwzToWfVeKo_SRsFUqaXGUbW2OjeIFl6ignLsBAzc7M02giBlTOm6UlmkR33I.PJs2cR-ZEROey5FSKcn6nD4F7WQZG_f4s4o_mko2fJk&dib_tag=se&keywords=laptop&qid=1720784361&sprefix=laptop%2Caps%2C209&sr=8-5
107,"HP Laptop 15, 13th Gen Intel Core i5-1334U, 15.6-inch (39.6 cm), FHD, 16GB DDR4, 512GB SSD, Intel Iris Xe graphics, Backlit KB, MSO, Dual speakers (Win 11, Silver, 1.59 kg), fd0221TU  ","56,800",https://amazon.in//HP-i5-1334U-15-6-inch-graphics-speakers/dp/B0CTKHG3F6/ref=sr_1_30?crid=3727JAH5BQD82&dib=eyJ2IjoiMSJ9.2WcZUDFm5tLAswmDhbhbf7-rSCO7kEimkakfROVrwzxlujMir2RsVIzjR3VoLxV7yWznklGNBO0mJDuDyMrA2e7ObWdStLA_cakkCjME_hXm6VAwgsNmDihm2WmhSVLUplmzo5BQ1IDtWjat2BNzm3cutcsSJNb8DU4tW2V0vRkP3dqjVvGtw8_ub0Nza6z5zMAT-m9Ex2DRf8ENj3LcXSycnuy6tfpljsS8lxzJ8jE.hDJM3VEEa7jglnpnDm06CQkwJsln_aPwzPewBy36cxA&dib_tag=se&keywords=laptop&qid=1720784363&sprefix=laptop%2Caps%2C209&sr=8-30
